{
	"$schema": "https://schemas.wp.org/wp/6.4/theme.json",
	"settings": {
		"appearanceTools": true,
		"color": {
			"palette": [
				{
					"color": "#0b303b",
					"name": "Primary",
					"slug": "primary"
				},
				{
					"color": "#0b303b",
					"name": "Secondary",
					"slug": "secondary"
				},
				{
					"color": "#0b303b",
					"name": "Foreground",
					"slug": "foreground"
				},
				{
					"color": "#fef4ee",
					"name": "Background",
					"slug": "background"
				},
				{
					"color": "#F0F0F0",
					"name": "Tertiary",
					"slug": "tertiary"
				},
				{
					"color": "#ff9c61",
					"name": "Orange",
					"slug": "custom-orange"
				},
				{
					"color": "#e2fdc7",
					"name": "Green",
					"slug": "custom-green"
				},
				{
					"color": "#5454d2",
					"name": "Purple",
					"slug": "custom-purple"
				}
			],
			"text": true
		},
		"layout": {
			"contentSize": "620px",
			"wideSize": "1400px"
		},
		"spacing": {
			"customSpacingSize": true,
			"spacingScale": {
				"increment": 1.5,
				"mediumStep": 1.5,
				"operator": "*",
				"steps": 7,
				"unit": "rem"
			},
			"spacingSizes": [],
			"units": [
				"%",
				"px",
				"em",
				"rem",
				"vh",
				"vw"
			]
		},
		"typography": {
			"customFontSize": true,
			"dropCap": true,
			"fluid": true,
			"fontFamilies": [
				{
					"fontFace": [],
					"fontFamily": "-apple-system, BlinkMacSystemFont, 'Segoe UI', Roboto, Oxygen-Sans, Ubuntu, Cantarell, 'Helvetica Neue', sans-serif",
					"name": "System Font",
					"slug": "system-font"
				},
				{
					"fontFace": [
						{
							"fontFamily": "Sora",
							"fontStyle": "normal",
							"fontWeight": "200",
							"src": [
								"file:./assets/fonts/sora_normal_200.ttf"
							]
						},
						{
							"fontFamily": "Sora",
							"fontStyle": "normal",
							"fontWeight": "300",
							"src": [
								"file:./assets/fonts/sora_normal_300.ttf"
							]
						},
						{
							"fontFamily": "Sora",
							"fontStyle": "normal",
							"fontWeight": "500",
							"src": [
								"file:./assets/fonts/sora_normal_500.ttf"
							]
						},
						{
							"fontFamily": "Sora",
							"fontStyle": "normal",
							"fontWeight": "600",
							"src": [
								"file:./assets/fonts/sora_normal_600.ttf"
							]
						},
						{
							"fontFamily": "Sora",
							"fontStyle": "normal",
							"fontWeight": "700",
							"src": [
								"file:./assets/fonts/sora_normal_700.ttf"
							]
						},
						{
							"fontFamily": "Sora",
							"fontStyle": "italic",
							"fontWeight": "700",
							"src": [
								"file:./assets/fonts/sora_italic_700.ttf"
							]
						},
						{
							"fontFamily": "Sora",
							"fontStyle": "italic",
							"fontWeight": "300",
							"src": [
								"file:./assets/fonts/sora_italic_300.ttf"
							]
						},
						{
							"fontFamily": "Sora",
							"fontStyle": "italic",
							"fontWeight": "600",
							"src": [
								"file:./assets/fonts/sora_italic_600.ttf"
							]
						},
						{
							"fontFamily": "Sora",
							"fontStyle": "italic",
							"fontWeight": "200",
							"src": [
								"file:./assets/fonts/sora_italic_200.ttf"
							]
						},
						{
							"fontFamily": "Sora",
							"fontStyle": "italic",
							"fontWeight": "500",
							"src": [
								"file:./assets/fonts/sora_italic_500.ttf"
							]
						}
					],
					"fontFamily": "Sora",
					"slug": "sora"
				},
				{
					"fontFace": [
						{
							"fontFamily": "PT Serif",
							"fontStyle": "normal",
							"fontWeight": "400",
							"src": [
								"file:./assets/fonts/pt-serif_normal_400.ttf"
							]
						},
						{
							"fontFamily": "PT Serif",
							"fontStyle": "italic",
							"fontWeight": "400",
							"src": [
								"file:./assets/fonts/pt-serif_italic_400.ttf"
							]
						},
						{
							"fontFamily": "PT Serif",
							"fontStyle": "normal",
							"fontWeight": "700",
							"src": [
								"file:./assets/fonts/pt-serif_normal_700.ttf"
							]
						},
						{
							"fontFamily": "PT Serif",
							"fontStyle": "italic",
							"fontWeight": "700",
							"src": [
								"file:./assets/fonts/pt-serif_italic_700.ttf"
							]
						}
					],
					"fontFamily": "PT Serif",
					"slug": "pt-serif"
				},
				{
					"fontFace": [
						{
							"fontFamily": "Fraunces",
							"fontStyle": "normal",
							"fontWeight": "200",
							"src": [
								"file:./assets/fonts/fraunces_normal_200.ttf"
							]
						},
						{
							"fontFamily": "Fraunces",
							"fontStyle": "normal",
							"fontWeight": "300",
							"src": [
								"file:./assets/fonts/fraunces_normal_300.ttf"
							]
						},
						{
							"fontFamily": "Fraunces",
							"fontStyle": "normal",
							"fontWeight": "600",
							"src": [
								"file:./assets/fonts/fraunces_normal_600.ttf"
							]
						},
						{
							"fontFamily": "Fraunces",
							"fontStyle": "italic",
							"fontWeight": "600",
							"src": [
								"file:./assets/fonts/fraunces_italic_600.ttf"
							]
						},
						{
							"fontFamily": "Fraunces",
							"fontStyle": "italic",
							"fontWeight": "200",
							"src": [
								"file:./assets/fonts/fraunces_italic_200.ttf"
							]
						},
						{
							"fontFamily": "Fraunces",
							"fontStyle": "italic",
							"fontWeight": "300",
							"src": [
								"file:./assets/fonts/fraunces_italic_300.ttf"
							]
						}
					],
					"fontFamily": "Fraunces",
					"slug": "fraunces"
				},
				{
					"fontFace": [
						{
							"fontFamily": "Crimson Pro",
							"fontStyle": "normal",
							"fontWeight": "300",
							"src": [
								"file:./assets/fonts/crimson-pro_normal_300.ttf"
							]
						},
						{
							"fontFamily": "Crimson Pro",
							"fontStyle": "italic",
							"fontWeight": "300",
							"src": [
								"file:./assets/fonts/crimson-pro_italic_300.ttf"
							]
						},
						{
							"fontFamily": "Crimson Pro",
							"fontStyle": "normal",
							"fontWeight": "600",
							"src": [
								"file:./assets/fonts/crimson-pro_normal_600.ttf"
							]
						},
						{
							"fontFamily": "Crimson Pro",
							"fontStyle": "italic",
							"fontWeight": "600",
							"src": [
								"file:./assets/fonts/crimson-pro_italic_600.ttf"
							]
						}
					],
					"fontFamily": "Crimson Pro",
					"slug": "crimson-pro"
				}
			],
			"fontSizes": [
				{
					"fluid": {
						"max": "1.0625rem",
						"min": "0.825rem"
					},
					"name": "Small",
					"size": "1rem",
					"slug": "small"
				},
				{
					"fluid": {
						"max": "1.25rem",
						"min": "1rem"
					},
					"name": "Medium",
					"size": "1.125rem",
					"slug": "medium"
				},
				{
					"fluid": {
						"max": "2rem",
						"min": "1.75rem"
					},
					"name": "Large",
					"size": "1.75rem",
					"slug": "large"
				},
				{
					"fluid": {
						"max": "3rem",
						"min": "2.5rem"
					},
					"name": "Extra Large",
					"size": "3rem",
					"slug": "x-large"
				}
			]
		},
		"useRootPaddingAwareAlignments": true
	},
	"styles": {
		"blocks": {
			"core/button": {
				"border": {
					"radius": "100px"
				},
				"spacing": {
					"padding": {
						"left": "30px",
						"right": "30px"
					}
				},
				"typography": {
					"fontSize": "var(--wp--preset--font-size--small)",
					"fontStyle": "normal",
					"fontWeight": "200",
					"letterSpacing": "0.01em",
					"textTransform": "none"
				},
				"variations": {
					"outline": {
						"border": {
							"bottom": {
								"color": "var(--wp--preset--color--primary)",
								"style": "solid",
								"width": "1px"
							},
							"left": {
								"color": "var(--wp--preset--color--primary)",
								"style": "solid",
								"width": "1px"
							},
							"right": {
								"color": "var(--wp--preset--color--primary)",
								"style": "solid",
								"width": "1px"
							},
							"top": {
								"color": "var(--wp--preset--color--primary)",
								"style": "solid",
								"width": "1px"
							}
						}
					}
				}
			},
			"core/code": {
				"border": {
					"color": "var(--wp--preset--color--foreground)",
					"radius": "0.25rem",
					"style": "solid",
					"width": "2px"
				},
				"spacing": {
					"padding": {
						"bottom": "var(--wp--preset--spacing--50)",
						"left": "var(--wp--preset--spacing--50)",
						"right": "var(--wp--preset--spacing--50)",
						"top": "var(--wp--preset--spacing--50)"
					}
				},
				"typography": {
					"fontFamily": "monospace"
				}
			},
			"core/comment-author-name": {
				"typography": {
					"fontSize": "var(--wp--preset--font-size--small)"
				}
			},
			"core/comment-date": {
				"typography": {
					"fontSize": "var(--wp--preset--font-size--small)"
				}
			},
			"core/comment-edit-link": {
				"typography": {
					"fontSize": "var(--wp--preset--font-size--small)"
				}
			},
			"core/comment-reply-link": {
				"typography": {
					"fontSize": "var(--wp--preset--font-size--small)"
				}
			},
			"core/gallery": {
				"spacing": {
					"margin": {
						"bottom": "var(--wp--preset--spacing--50)"
					}
				}
			},
			"core/heading": {
				"typography": {
					"fontStyle": "normal",
					"fontWeight": "600"
				}
			},
			"core/list": {
				"spacing": {
					"padding": {
						"left": "var(--wp--preset--spacing--70)"
					}
				}
			},
			"core/navigation": {
				"elements": {
					"link": {
						":hover": {
							"typography": {
								"textDecoration": "underline"
							}
						},
						"typography": {
							"textDecoration": "none"
						}
					}
				},
				"typography": {
					"fontSize": "0.9rem"
				}
			},
			"core/post-author-name": {
				"elements": {
					"link": {
						":hover": {
							"typography": {
								"textDecoration": "underline"
							}
						},
						"typography": {
							"textDecoration": "none"
						}
					}
				}
			},
			"core/post-content": {
				"typography": {
					"fontSize": "var(--wp--preset--font-size--medium)"
				}
			},
			"core/post-date": {
				"color": {
					"text": "var(--wp--preset--color--foreground)"
				},
				"elements": {
					"link": {
						":hover": {
							"typography": {
								"textDecoration": "underline"
							}
						},
						"typography": {
							"textDecoration": "none"
						}
					}
				},
				"typography": {
					"fontSize": "0.8rem",
					"letterSpacing": "0.05em",
					"textTransform": "uppercase"
				}
			},
			"core/post-terms": {
				"typography": {
					"fontSize": "0.8rem",
					"fontStyle": "normal",
					"fontWeight": "500"
				}
			},
			"core/post-time-to-read": {
				"typography": {
					"fontSize": "0.8rem"
				}
			},
			"core/post-title": {
				"elements": {
					"link": {
						":hover": {
							"typography": {
								"textDecoration": "underline"
							}
						},
						"typography": {
							"textDecoration": "none"
						}
					}
				},
				"spacing": {
					"margin": {
						"bottom": "0"
					}
				}
			},
			"core/pullquote": {
				"border": {
					"bottom": {
						"style": "none",
						"width": "0px"
					},
					"color": "var(--wp--preset--color--foreground)",
					"left": {
						"style": "none",
						"width": "0px"
					},
					"right": {
						"style": "none",
						"width": "0px"
					},
					"style": "solid",
					"top": {
						"style": "none",
						"width": "0px"
					},
					"width": "1px 0"
				},
				"spacing": {
					"padding": {
						"bottom": "var(--wp--preset--spacing--50)",
						"left": "var(--wp--preset--spacing--50)",
						"right": "var(--wp--preset--spacing--50)",
						"top": "var(--wp--preset--spacing--50)"
					}
				},
				"typography": {
					"fontSize": "var(--wp--preset--font-size--large)",
					"fontStyle": "normal",
					"fontWeight": "600",
					"lineHeight": "1.4"
				}
			},
			"core/quote": {
				"border": {
					"color": "var(--wp--preset--color--primary)",
					"style": "solid",
					"width": "0 0 0 1px"
				},
				"spacing": {
					"padding": {
						"left": "var(--wp--preset--spacing--50)"
					}
				},
				"typography": {
					"fontStyle": "normal"
				}
			},
			"core/search": {
				"typography": {
					"fontSize": "var(--wp--preset--font-size--medium)",
					"lineHeight": "1.6"
				}
			},
			"core/separator": {
				"border": {
					"color": "currentColor",
					"style": "solid",
					"width": "0 0 1px 0"
				},
				"color": {
					"text": "var(--wp--preset--color--foreground)"
				}
			},
			"core/site-tagline": {
				"typography": {
					"fontSize": "var(--wp--preset--font-size--medium)"
				}
			},
			"core/site-title": {
				"elements": {
					"link": {
						":hover": {
							"typography": {
								"textDecoration": "underline"
							}
						},
						"typography": {
							"textDecoration": "none"
						}
					}
				},
				"typography": {
					"fontSize": "var(--wp--preset--font-size--large)",
					"fontStyle": "normal",
					"fontWeight": "700"
				}
			}
		},
		"color": {
			"background": "var(--wp--preset--color--background)",
			"gradient": "linear-gradient(127deg,rgb(190,185,242) 0%,rgb(197,180,217) 29%,rgb(252,217,210) 65%,rgb(197,180,217) 100%)",
			"text": "var(--wp--preset--color--foreground)"
		},
		"elements": {
			"button": {
				":active": {
					"color": {
						"background": "var(--wp--preset--color--primary)",
						"text": "var(--wp--preset--color--background)"
					}
				},
				":focus": {
					"color": {
						"background": "var(--wp--preset--color--primary)",
						"text": "var(--wp--preset--color--background)"
					},
					"outline": {
						"color": "var(--wp--preset--color--primary)",
						"offset": "2px",
						"style": "dotted",
						"width": "1px"
					}
				},
				":hover": {
					"color": {
						"background": "var(--wp--preset--color--secondary)",
						"text": "var(--wp--preset--color--background)"
					}
				},
				"border": {
					"radius": "0.25rem"
				},
				"color": {
					"background": "var(--wp--preset--color--primary)",
					"text": "var(--wp--preset--color--background)"
				}
			},
			"caption": {
				"typography": {
					"fontSize": "0.8rem"
				}
			},
			"h1": {
				"typography": {
					"fontSize": "var(--wp--preset--font-size--x-large)"
				}
			},
			"h2": {
				"typography": {
					"fontSize": "var(--wp--preset--font-size--large)"
				}
			},
			"h3": {
				"typography": {
					"fontSize": "clamp(1.5rem, calc(1.5rem + ((1vw - 0.48rem) * 0.4808)), 1.75rem)"
				}
			},
			"h4": {
				"typography": {
					"fontSize": "clamp(1.25rem, calc(1.25rem + ((1vw - 0.48rem) * 0.4808)), 1.5rem)"
				}
			},
			"h5": {
				"typography": {
					"fontSize": "var(--wp--preset--font-size--medium)"
				}
			},
			"h6": {
				"typography": {
					"fontSize": "var(--wp--preset--font-size--small)"
				}
			},
			"heading": {
				"typography": {
					"fontWeight": "400",
					"lineHeight": "1.125"
				}
			},
			"link": {
				":hover": {
					"typography": {
						"textDecoration": "none"
					}
				},
				"color": {
					"text": "var(--wp--preset--color--primary)"
				}
			}
		},
		"spacing": {
			"blockGap": "1.5rem",
			"padding": {
				"bottom": "0px",
				"left": "0px",
				"right": "0px",
				"top": "0px"
			}
		},
		"typography": {
			"fontFamily": "var(--wp--preset--font-family--sora)",
			"fontSize": "var(--wp--preset--font-size--small)",
			"fontStyle": "normal",
			"fontWeight": "200",
			"lineHeight": "1.6"
		}
	},
	"templateParts": [
		{
			"area": "header",
			"name": "header"
		},
		{
			"area": "footer",
			"name": "footer"
		}
	],
	"version": 2
}