<?xml version="1.0" encoding="UTF-8"?>
<!--
 This is a WordPress eXtended RSS file generated by WordPress as an export of your site.
 It contains information about your site's posts, pages, comments, categories, and other content.
 You may use this file to transfer that content from one site to another.
 This file is not intended to serve as a complete backup of your site.

 To import this information into a WordPress site follow these steps:
 1. Log in to that site as an administrator.
 2. Go to Tools: Import in the WordPress admin panel.
 3. Install the "WordPress" importer from the list.
 4. Activate & Run Importer.
 5. Upload this file using the form provided on that page.
 6. You will first be asked to map the authors in this export file to users
    on the site. For each author, you may choose to map to an
    existing user on the site or to create a new user.
 7. WordPress will then import each of the posts, pages, comments, categories, etc.
    contained in this file into your site.
-->
<!-- generator="WordPress.com" created="2023-12-05 07:21"-->
<rss version="2.0" xmlns:excerpt="http://wordpress.org/export/1.2/excerpt/" xmlns:content="http://purl.org/rss/1.0/modules/content/" xmlns:wfw="http://wellformedweb.org/CommentAPI/" xmlns:dc="http://purl.org/dc/elements/1.1/" xmlns:wp="http://wordpress.org/export/1.2/">
  <channel>
<title>MyDigitalPortfolio</title>
<link>https://gutlapalli334.wordpress.com</link>
<description/>
<pubDate>Tue, 05 Dec 2023 07:21:56 +0000</pubDate>
<language>en</language>
<wp:wxr_version>1.2</wp:wxr_version>
<wp:base_site_url>http://wordpress.com/</wp:base_site_url>
<wp:base_blog_url>https://gutlapalli334.wordpress.com</wp:base_blog_url>
<wp:author>
  <wp:author_id>240843913</wp:author_id>
  <wp:author_login>gutlapalli33</wp:author_login>
  <wp:author_email>gutlapalli33@gmail.com</wp:author_email>
  <wp:author_display_name><![CDATA[Yesh Gutlapalli]]></wp:author_display_name>
  <wp:author_first_name><![CDATA[Yesh]]></wp:author_first_name>
  <wp:author_last_name><![CDATA[Gutlapalli]]></wp:author_last_name>
</wp:author>
<wp:category>
  <wp:term_id>1</wp:term_id>
  <wp:category_nicename>uncategorized</wp:category_nicename>
  <wp:category_parent/>
  <wp:cat_name><![CDATA[Uncategorized]]></wp:cat_name>
</wp:category>
<generator>http://wordpress.com/</generator>
<image>
		<url>http://s0.wp.com/i/buttonw-com.png</url>
		<title>MyDigitalPortfolio</title>
		<link>https://gutlapalli334.wordpress.com</link>
	</image>
	<item>
  <title><![CDATA[Custom Styles]]></title>
  <link>https://gutlapalli334.wordpress.com/2023/10/17/wp-global-styles-pub%2ftwentytwentythree/</link>
  <pubDate>Tue, 17 Oct 2023 16:05:41 +0000</pubDate>
  <dc:creator>gutlapalli33</dc:creator>
  <guid isPermaLink="false">https://gutlapalli334.wordpress.com/2023/10/17/wp-global-styles-pub%2ftwentytwentythree/</guid>
  <description/>
  <content:encoded><![CDATA[{"version":2,"isGlobalStylesUserThemeJSON":true}]]></content:encoded>
  <excerpt:encoded><![CDATA[]]></excerpt:encoded>
  <wp:post_id>4</wp:post_id>
  <wp:post_date>2023-10-17 11:05:41</wp:post_date>
  <wp:post_date_gmt>2023-10-17 16:05:41</wp:post_date_gmt>
  <wp:post_modified>2023-10-17 11:05:41</wp:post_modified>
  <wp:post_modified_gmt>2023-10-17 16:05:41</wp:post_modified_gmt>
  <wp:comment_status>closed</wp:comment_status>
  <wp:ping_status>closed</wp:ping_status>
  <wp:post_name>wp-global-styles-pub%2ftwentytwentythree</wp:post_name>
  <wp:status>publish</wp:status>
  <wp:post_parent>0</wp:post_parent>
  <wp:menu_order>0</wp:menu_order>
  <wp:post_type>wp_global_styles</wp:post_type>
  <wp:post_password/>
  <wp:is_sticky>0</wp:is_sticky>
  <category domain="wp_theme" nicename="twentytwentythree"><![CDATA[twentytwentythree]]></category>
  <wp:postmeta>
    <wp:meta_key>_publicize_pending</wp:meta_key>
    <wp:meta_value><![CDATA[1]]></wp:meta_value>
  </wp:postmeta>
</item>
<item>
  <title><![CDATA[Navigation]]></title>
  <link>https://gutlapalli334.wordpress.com/2023/10/17/navigation/</link>
  <pubDate>Tue, 17 Oct 2023 16:09:12 +0000</pubDate>
  <dc:creator>gutlapalli33</dc:creator>
  <guid isPermaLink="false">https://gutlapalli334.wordpress.com/2023/10/17/navigation/</guid>
  <description/>
  <content:encoded><![CDATA[<!-- wp:page-list /-->]]></content:encoded>
  <excerpt:encoded><![CDATA[]]></excerpt:encoded>
  <wp:post_id>16</wp:post_id>
  <wp:post_date>2023-10-17 11:09:12</wp:post_date>
  <wp:post_date_gmt>2023-10-17 16:09:12</wp:post_date_gmt>
  <wp:post_modified>2023-10-17 11:09:12</wp:post_modified>
  <wp:post_modified_gmt>2023-10-17 16:09:12</wp:post_modified_gmt>
  <wp:comment_status>closed</wp:comment_status>
  <wp:ping_status>closed</wp:ping_status>
  <wp:post_name>navigation</wp:post_name>
  <wp:status>publish</wp:status>
  <wp:post_parent>0</wp:post_parent>
  <wp:menu_order>0</wp:menu_order>
  <wp:post_type>wp_navigation</wp:post_type>
  <wp:post_password/>
  <wp:is_sticky>0</wp:is_sticky>
</item>
<item>
  <title><![CDATA[Adaptive Advantage]]></title>
  <link>https://gutlapalli334.wordpress.com/2023/10/17/adaptive-advantage/</link>
  <pubDate>Tue, 17 Oct 2023 16:04:05 +0000</pubDate>
  <dc:creator>gutlapalli33</dc:creator>
  <guid isPermaLink="false">https://gutlapalli334.wordpress.com/2023/10/17/adaptive-advantage/</guid>
  <description/>
  <content:encoded><![CDATA[<!-- wp:paragraph -->
<p>Welcome to WordPress! This is a sample post. Edit or delete it to take the first step in your blogging journey. To add more content here, click the small plus icon at the top left corner. There, you will find an existing selection of WordPress blocks and patterns, something to suit your every need for content creation. And don’t forget to check out the List View: click the icon a few spots to the right of the plus icon and you’ll get a tidy, easy-to-view list of the blocks and patterns in your post.</p>
<!-- /wp:paragraph -->]]></content:encoded>
  <excerpt:encoded><![CDATA[In an ever-shifting business landscape, adaptability isn’t just a trait—it’s a competitive advantage. Companies that embrace change, learn from challenges, and pivot when necessary are the ones that not only survive but also thrive in uncertain environments.]]></excerpt:encoded>
  <wp:post_id>14</wp:post_id>
  <wp:post_date>2023-10-17 11:04:05</wp:post_date>
  <wp:post_date_gmt>2023-10-17 16:04:05</wp:post_date_gmt>
  <wp:post_modified>2023-10-17 11:04:05</wp:post_modified>
  <wp:post_modified_gmt>2023-10-17 16:04:05</wp:post_modified_gmt>
  <wp:comment_status>closed</wp:comment_status>
  <wp:ping_status>closed</wp:ping_status>
  <wp:post_name>adaptive-advantage</wp:post_name>
  <wp:status>publish</wp:status>
  <wp:post_parent>0</wp:post_parent>
  <wp:menu_order>0</wp:menu_order>
  <wp:post_type>post</wp:post_type>
  <wp:post_password/>
  <wp:is_sticky>0</wp:is_sticky>
  <category domain="category" nicename="uncategorized"><![CDATA[Uncategorized]]></category>
  <wp:postmeta>
    <wp:meta_key>_hs_old_id</wp:meta_key>
    <wp:meta_value><![CDATA[]]></wp:meta_value>
  </wp:postmeta>
  <wp:postmeta>
    <wp:meta_key>_headstart_post</wp:meta_key>
    <wp:meta_value><![CDATA[_hs_extra]]></wp:meta_value>
  </wp:postmeta>
  <wp:postmeta>
    <wp:meta_key>_starter_page_template</wp:meta_key>
    <wp:meta_value><![CDATA[]]></wp:meta_value>
  </wp:postmeta>
  <wp:postmeta>
    <wp:meta_key>switch_like_status</wp:meta_key>
    <wp:meta_value><![CDATA[a:1:{i:0;N;}]]></wp:meta_value>
  </wp:postmeta>
  <wp:postmeta>
    <wp:meta_key>sharing_disabled</wp:meta_key>
    <wp:meta_value><![CDATA[a:1:{i:0;N;}]]></wp:meta_value>
  </wp:postmeta>
  <wp:postmeta>
    <wp:meta_key>_publicize_pending</wp:meta_key>
    <wp:meta_value><![CDATA[1]]></wp:meta_value>
  </wp:postmeta>
  <wp:postmeta>
    <wp:meta_key>_wpas_skip_all_services</wp:meta_key>
    <wp:meta_value><![CDATA[1]]></wp:meta_value>
  </wp:postmeta>
  <wp:postmeta>
    <wp:meta_key>_thumbnail_id</wp:meta_key>
    <wp:meta_value><![CDATA[21]]></wp:meta_value>
  </wp:postmeta>
</item>
<item>
  <title><![CDATA[Placeholder Image]]></title>
  <link>https://gutlapalli334.wordpress.com/2023/10/17/the-art-of-connection/placeholder-image/</link>
  <pubDate>Tue, 17 Oct 2023 16:09:12 +0000</pubDate>
  <dc:creator>gutlapalli33</dc:creator>
  <guid isPermaLink="false">http://gutlapalli334.files.wordpress.com/2023/10/c35dd-fewer_post_3.png</guid>
  <description/>
  <content:encoded><![CDATA[]]></content:encoded>
  <excerpt:encoded><![CDATA[]]></excerpt:encoded>
  <wp:post_id>15</wp:post_id>
  <wp:post_date>2023-10-17 11:09:12</wp:post_date>
  <wp:post_date_gmt>2023-10-17 16:09:12</wp:post_date_gmt>
  <wp:post_modified>2023-10-17 11:09:12</wp:post_modified>
  <wp:post_modified_gmt>2023-10-17 16:09:12</wp:post_modified_gmt>
  <wp:comment_status>open</wp:comment_status>
  <wp:ping_status>closed</wp:ping_status>
  <wp:post_name>placeholder-image</wp:post_name>
  <wp:status>inherit</wp:status>
  <wp:post_parent>9</wp:post_parent>
  <wp:menu_order>0</wp:menu_order>
  <wp:post_type>attachment</wp:post_type>
  <wp:post_password/>
  <wp:is_sticky>0</wp:is_sticky>
  <wp:attachment_url>https://gutlapalli334.files.wordpress.com/2023/10/c35dd-fewer_post_3.png</wp:attachment_url>
  <wp:postmeta>
    <wp:meta_key>_wp_attached_file</wp:meta_key>
    <wp:meta_value><![CDATA[/home/wpcom/public_html/wp-content/blogs.dir/a59/224806828/files/2023/10/c35dd-fewer_post_3.png]]></wp:meta_value>
  </wp:postmeta>
  <wp:postmeta>
    <wp:meta_key>_wp_attachment_metadata</wp:meta_key>
    <wp:meta_value><![CDATA[a:6:{s:5:"width";i:800;s:6:"height";i:532;s:4:"file";s:95:"/home/wpcom/public_html/wp-content/blogs.dir/a59/224806828/files/2023/10/c35dd-fewer_post_3.png";s:8:"filesize";i:263038;s:5:"sizes";a:0:{}s:10:"image_meta";a:12:{s:8:"aperture";s:1:"0";s:6:"credit";s:0:"";s:6:"camera";s:0:"";s:7:"caption";s:0:"";s:17:"created_timestamp";s:1:"0";s:9:"copyright";s:0:"";s:12:"focal_length";s:1:"0";s:3:"iso";s:1:"0";s:13:"shutter_speed";s:1:"0";s:5:"title";s:0:"";s:11:"orientation";s:1:"0";s:8:"keywords";a:0:{}}}]]></wp:meta_value>
  </wp:postmeta>
</item>
<item>
  <title><![CDATA[Custom Styles]]></title>
  <link>https://gutlapalli334.wordpress.com/2023/10/17/wp-global-styles-pub%2ffewer/</link>
  <pubDate>Tue, 17 Oct 2023 16:09:11 +0000</pubDate>
  <dc:creator>gutlapalli33</dc:creator>
  <guid isPermaLink="false">https://gutlapalli334.wordpress.com/2023/10/17/wp-global-styles-pub%2ffewer/</guid>
  <description/>
  <content:encoded><![CDATA[{"version":2,"isGlobalStylesUserThemeJSON":true}]]></content:encoded>
  <excerpt:encoded><![CDATA[]]></excerpt:encoded>
  <wp:post_id>7</wp:post_id>
  <wp:post_date>2023-10-17 11:09:11</wp:post_date>
  <wp:post_date_gmt>2023-10-17 16:09:11</wp:post_date_gmt>
  <wp:post_modified>2023-10-17 11:09:11</wp:post_modified>
  <wp:post_modified_gmt>2023-10-17 16:09:11</wp:post_modified_gmt>
  <wp:comment_status>closed</wp:comment_status>
  <wp:ping_status>closed</wp:ping_status>
  <wp:post_name>wp-global-styles-pub%2ffewer</wp:post_name>
  <wp:status>publish</wp:status>
  <wp:post_parent>0</wp:post_parent>
  <wp:menu_order>0</wp:menu_order>
  <wp:post_type>wp_global_styles</wp:post_type>
  <wp:post_password/>
  <wp:is_sticky>0</wp:is_sticky>
  <category domain="wp_theme" nicename="fewer"><![CDATA[fewer]]></category>
  <wp:postmeta>
    <wp:meta_key>_publicize_pending</wp:meta_key>
    <wp:meta_value><![CDATA[1]]></wp:meta_value>
  </wp:postmeta>
</item>
<item>
  <title><![CDATA[About]]></title>
  <link>https://gutlapalli334.wordpress.com/about/</link>
  <pubDate>Tue, 17 Oct 2023 16:04:11 +0000</pubDate>
  <dc:creator>gutlapalli33</dc:creator>
  <guid isPermaLink="false">https://gutlapalli334.wordpress.com/about/</guid>
  <description/>
  <content:encoded><![CDATA[<!-- wp:paragraph -->
<p>This is an example of a page. Unlike posts, which are displayed on your blog’s front page in the order they’re published, pages are better suited for more timeless content that you want to be easily accessible, like your About or Contact information.</p>
<!-- /wp:paragraph -->]]></content:encoded>
  <excerpt:encoded><![CDATA[]]></excerpt:encoded>
  <wp:post_id>8</wp:post_id>
  <wp:post_date>2023-10-17 11:04:11</wp:post_date>
  <wp:post_date_gmt>2023-10-17 16:04:11</wp:post_date_gmt>
  <wp:post_modified>2023-10-17 11:04:11</wp:post_modified>
  <wp:post_modified_gmt>2023-10-17 16:04:11</wp:post_modified_gmt>
  <wp:comment_status>closed</wp:comment_status>
  <wp:ping_status>closed</wp:ping_status>
  <wp:post_name>about</wp:post_name>
  <wp:status>publish</wp:status>
  <wp:post_parent>0</wp:post_parent>
  <wp:menu_order>0</wp:menu_order>
  <wp:post_type>page</wp:post_type>
  <wp:post_password/>
  <wp:is_sticky>0</wp:is_sticky>
  <wp:postmeta>
    <wp:meta_key>_checklist_post_type</wp:meta_key>
    <wp:meta_value><![CDATA[_hs_extra]]></wp:meta_value>
  </wp:postmeta>
  <wp:postmeta>
    <wp:meta_key>_headstart_post</wp:meta_key>
    <wp:meta_value><![CDATA[_hs_extra]]></wp:meta_value>
  </wp:postmeta>
  <wp:postmeta>
    <wp:meta_key>sharing_disabled</wp:meta_key>
    <wp:meta_value><![CDATA[a:1:{i:0;N;}]]></wp:meta_value>
  </wp:postmeta>
  <wp:postmeta>
    <wp:meta_key>switch_like_status</wp:meta_key>
    <wp:meta_value><![CDATA[a:1:{i:0;N;}]]></wp:meta_value>
  </wp:postmeta>
  <wp:postmeta>
    <wp:meta_key>_starter_page_template</wp:meta_key>
    <wp:meta_value><![CDATA[]]></wp:meta_value>
  </wp:postmeta>
  <wp:postmeta>
    <wp:meta_key>_hs_old_id</wp:meta_key>
    <wp:meta_value><![CDATA[]]></wp:meta_value>
  </wp:postmeta>
  <wp:postmeta>
    <wp:meta_key>_wpas_skip_all_services</wp:meta_key>
    <wp:meta_value><![CDATA[1]]></wp:meta_value>
  </wp:postmeta>
  <wp:postmeta>
    <wp:meta_key>_publicize_pending</wp:meta_key>
    <wp:meta_value><![CDATA[1]]></wp:meta_value>
  </wp:postmeta>
</item>
<item>
  <title><![CDATA[The Art of Connection]]></title>
  <link>https://gutlapalli334.wordpress.com/2023/10/17/the-art-of-connection/</link>
  <pubDate>Tue, 17 Oct 2023 16:04:10 +0000</pubDate>
  <dc:creator>gutlapalli33</dc:creator>
  <guid isPermaLink="false">https://gutlapalli334.wordpress.com/2023/10/17/the-art-of-connection/</guid>
  <description/>
  <content:encoded><![CDATA[<!-- wp:paragraph -->
<p>Welcome to WordPress! This is a sample post. Edit or delete it to take the first step in your blogging journey. To add more content here, click the small plus icon at the top left corner. There, you will find an existing selection of WordPress blocks and patterns, something to suit your every need for content creation. And don’t forget to check out the List View: click the icon a few spots to the right of the plus icon and you’ll get a tidy, easy-to-view list of the blocks and patterns in your post.</p>
<!-- /wp:paragraph -->]]></content:encoded>
  <excerpt:encoded><![CDATA[In the ever-evolving world, the art of forging genuine connections remains timeless. Whether it’s with colleagues, clients, or partners, establishing a genuine rapport paves the way for collaborative success.]]></excerpt:encoded>
  <wp:post_id>9</wp:post_id>
  <wp:post_date>2023-10-17 11:04:10</wp:post_date>
  <wp:post_date_gmt>2023-10-17 16:04:10</wp:post_date_gmt>
  <wp:post_modified>2023-10-17 11:04:10</wp:post_modified>
  <wp:post_modified_gmt>2023-10-17 16:04:10</wp:post_modified_gmt>
  <wp:comment_status>closed</wp:comment_status>
  <wp:ping_status>closed</wp:ping_status>
  <wp:post_name>the-art-of-connection</wp:post_name>
  <wp:status>publish</wp:status>
  <wp:post_parent>0</wp:post_parent>
  <wp:menu_order>0</wp:menu_order>
  <wp:post_type>post</wp:post_type>
  <wp:post_password/>
  <wp:is_sticky>0</wp:is_sticky>
  <category domain="category" nicename="uncategorized"><![CDATA[Uncategorized]]></category>
  <wp:postmeta>
    <wp:meta_key>_headstart_post</wp:meta_key>
    <wp:meta_value><![CDATA[_hs_extra]]></wp:meta_value>
  </wp:postmeta>
  <wp:postmeta>
    <wp:meta_key>sharing_disabled</wp:meta_key>
    <wp:meta_value><![CDATA[a:1:{i:0;N;}]]></wp:meta_value>
  </wp:postmeta>
  <wp:postmeta>
    <wp:meta_key>switch_like_status</wp:meta_key>
    <wp:meta_value><![CDATA[a:1:{i:0;N;}]]></wp:meta_value>
  </wp:postmeta>
  <wp:postmeta>
    <wp:meta_key>_starter_page_template</wp:meta_key>
    <wp:meta_value><![CDATA[]]></wp:meta_value>
  </wp:postmeta>
  <wp:postmeta>
    <wp:meta_key>_hs_old_id</wp:meta_key>
    <wp:meta_value><![CDATA[]]></wp:meta_value>
  </wp:postmeta>
  <wp:postmeta>
    <wp:meta_key>_wpas_skip_all_services</wp:meta_key>
    <wp:meta_value><![CDATA[1]]></wp:meta_value>
  </wp:postmeta>
  <wp:postmeta>
    <wp:meta_key>_publicize_pending</wp:meta_key>
    <wp:meta_value><![CDATA[1]]></wp:meta_value>
  </wp:postmeta>
  <wp:postmeta>
    <wp:meta_key>_thumbnail_id</wp:meta_key>
    <wp:meta_value><![CDATA[15]]></wp:meta_value>
  </wp:postmeta>
</item>
<item>
  <title><![CDATA[Beyond the Obstacle]]></title>
  <link>https://gutlapalli334.wordpress.com/2023/10/17/beyond-the-obstacle/</link>
  <pubDate>Tue, 17 Oct 2023 16:04:09 +0000</pubDate>
  <dc:creator>gutlapalli33</dc:creator>
  <guid isPermaLink="false">https://gutlapalli334.wordpress.com/2023/10/17/beyond-the-obstacle/</guid>
  <description/>
  <content:encoded><![CDATA[<!-- wp:paragraph -->
<p>Welcome to WordPress! This is a sample post. Edit or delete it to take the first step in your blogging journey. To add more content here, click the small plus icon at the top left corner. There, you will find an existing selection of WordPress blocks and patterns, something to suit your every need for content creation. And don’t forget to check out the List View: click the icon a few spots to the right of the plus icon and you’ll get a tidy, easy-to-view list of the blocks and patterns in your post.</p>
<!-- /wp:paragraph -->]]></content:encoded>
  <excerpt:encoded><![CDATA[Challenges in business are a given, but it’s our response to them that defines our trajectory. Looking beyond the immediate obstacle, there lies a realm of opportunity and learning.]]></excerpt:encoded>
  <wp:post_id>10</wp:post_id>
  <wp:post_date>2023-10-17 11:04:09</wp:post_date>
  <wp:post_date_gmt>2023-10-17 16:04:09</wp:post_date_gmt>
  <wp:post_modified>2023-10-17 11:04:09</wp:post_modified>
  <wp:post_modified_gmt>2023-10-17 16:04:09</wp:post_modified_gmt>
  <wp:comment_status>closed</wp:comment_status>
  <wp:ping_status>closed</wp:ping_status>
  <wp:post_name>beyond-the-obstacle</wp:post_name>
  <wp:status>publish</wp:status>
  <wp:post_parent>0</wp:post_parent>
  <wp:menu_order>0</wp:menu_order>
  <wp:post_type>post</wp:post_type>
  <wp:post_password/>
  <wp:is_sticky>0</wp:is_sticky>
  <category domain="category" nicename="uncategorized"><![CDATA[Uncategorized]]></category>
  <wp:postmeta>
    <wp:meta_key>_headstart_post</wp:meta_key>
    <wp:meta_value><![CDATA[_hs_extra]]></wp:meta_value>
  </wp:postmeta>
  <wp:postmeta>
    <wp:meta_key>sharing_disabled</wp:meta_key>
    <wp:meta_value><![CDATA[a:1:{i:0;N;}]]></wp:meta_value>
  </wp:postmeta>
  <wp:postmeta>
    <wp:meta_key>switch_like_status</wp:meta_key>
    <wp:meta_value><![CDATA[a:1:{i:0;N;}]]></wp:meta_value>
  </wp:postmeta>
  <wp:postmeta>
    <wp:meta_key>_starter_page_template</wp:meta_key>
    <wp:meta_value><![CDATA[]]></wp:meta_value>
  </wp:postmeta>
  <wp:postmeta>
    <wp:meta_key>_hs_old_id</wp:meta_key>
    <wp:meta_value><![CDATA[]]></wp:meta_value>
  </wp:postmeta>
  <wp:postmeta>
    <wp:meta_key>_wpas_skip_all_services</wp:meta_key>
    <wp:meta_value><![CDATA[1]]></wp:meta_value>
  </wp:postmeta>
  <wp:postmeta>
    <wp:meta_key>_publicize_pending</wp:meta_key>
    <wp:meta_value><![CDATA[1]]></wp:meta_value>
  </wp:postmeta>
  <wp:postmeta>
    <wp:meta_key>_thumbnail_id</wp:meta_key>
    <wp:meta_value><![CDATA[17]]></wp:meta_value>
  </wp:postmeta>
</item>
<item>
  <title><![CDATA[Growth Unlocked]]></title>
  <link>https://gutlapalli334.wordpress.com/2023/10/17/growth-unlocked/</link>
  <pubDate>Tue, 17 Oct 2023 16:04:08 +0000</pubDate>
  <dc:creator>gutlapalli33</dc:creator>
  <guid isPermaLink="false">https://gutlapalli334.wordpress.com/2023/10/17/growth-unlocked/</guid>
  <description/>
  <content:encoded><![CDATA[<!-- wp:paragraph -->
<p>Welcome to WordPress! This is a sample post. Edit or delete it to take the first step in your blogging journey. To add more content here, click the small plus icon at the top left corner. There, you will find an existing selection of WordPress blocks and patterns, something to suit your every need for content creation. And don’t forget to check out the List View: click the icon a few spots to the right of the plus icon and you’ll get a tidy, easy-to-view list of the blocks and patterns in your post.</p>
<!-- /wp:paragraph -->]]></content:encoded>
  <excerpt:encoded><![CDATA[Every business has a unique potential waiting to be tapped. Recognizing the keys to unlock this growth can set an enterprise on the path to unprecedented success.]]></excerpt:encoded>
  <wp:post_id>11</wp:post_id>
  <wp:post_date>2023-10-17 11:04:08</wp:post_date>
  <wp:post_date_gmt>2023-10-17 16:04:08</wp:post_date_gmt>
  <wp:post_modified>2023-10-17 11:04:08</wp:post_modified>
  <wp:post_modified_gmt>2023-10-17 16:04:08</wp:post_modified_gmt>
  <wp:comment_status>closed</wp:comment_status>
  <wp:ping_status>closed</wp:ping_status>
  <wp:post_name>growth-unlocked</wp:post_name>
  <wp:status>publish</wp:status>
  <wp:post_parent>0</wp:post_parent>
  <wp:menu_order>0</wp:menu_order>
  <wp:post_type>post</wp:post_type>
  <wp:post_password/>
  <wp:is_sticky>0</wp:is_sticky>
  <category domain="category" nicename="uncategorized"><![CDATA[Uncategorized]]></category>
  <wp:postmeta>
    <wp:meta_key>_headstart_post</wp:meta_key>
    <wp:meta_value><![CDATA[_hs_extra]]></wp:meta_value>
  </wp:postmeta>
  <wp:postmeta>
    <wp:meta_key>sharing_disabled</wp:meta_key>
    <wp:meta_value><![CDATA[a:1:{i:0;N;}]]></wp:meta_value>
  </wp:postmeta>
  <wp:postmeta>
    <wp:meta_key>switch_like_status</wp:meta_key>
    <wp:meta_value><![CDATA[a:1:{i:0;N;}]]></wp:meta_value>
  </wp:postmeta>
  <wp:postmeta>
    <wp:meta_key>_starter_page_template</wp:meta_key>
    <wp:meta_value><![CDATA[]]></wp:meta_value>
  </wp:postmeta>
  <wp:postmeta>
    <wp:meta_key>_hs_old_id</wp:meta_key>
    <wp:meta_value><![CDATA[]]></wp:meta_value>
  </wp:postmeta>
  <wp:postmeta>
    <wp:meta_key>_wpas_skip_all_services</wp:meta_key>
    <wp:meta_value><![CDATA[1]]></wp:meta_value>
  </wp:postmeta>
  <wp:postmeta>
    <wp:meta_key>_publicize_pending</wp:meta_key>
    <wp:meta_value><![CDATA[1]]></wp:meta_value>
  </wp:postmeta>
  <wp:postmeta>
    <wp:meta_key>_thumbnail_id</wp:meta_key>
    <wp:meta_value><![CDATA[18]]></wp:meta_value>
  </wp:postmeta>
</item>
<item>
  <title><![CDATA[Collaboration Magic]]></title>
  <link>https://gutlapalli334.wordpress.com/2023/10/17/collaboration-magic/</link>
  <pubDate>Tue, 17 Oct 2023 16:04:07 +0000</pubDate>
  <dc:creator>gutlapalli33</dc:creator>
  <guid isPermaLink="false">https://gutlapalli334.wordpress.com/2023/10/17/collaboration-magic/</guid>
  <description/>
  <content:encoded><![CDATA[<!-- wp:paragraph -->
<p>Welcome to WordPress! This is a sample post. Edit or delete it to take the first step in your blogging journey. To add more content here, click the small plus icon at the top left corner. There, you will find an existing selection of WordPress blocks and patterns, something to suit your every need for content creation. And don’t forget to check out the List View: click the icon a few spots to the right of the plus icon and you’ll get a tidy, easy-to-view list of the blocks and patterns in your post.</p>
<!-- /wp:paragraph -->]]></content:encoded>
  <excerpt:encoded><![CDATA[The magic that emerges from effective collaboration is undeniable. When diverse minds converge with a shared purpose, the results can be transformative.]]></excerpt:encoded>
  <wp:post_id>12</wp:post_id>
  <wp:post_date>2023-10-17 11:04:07</wp:post_date>
  <wp:post_date_gmt>2023-10-17 16:04:07</wp:post_date_gmt>
  <wp:post_modified>2023-10-17 11:04:07</wp:post_modified>
  <wp:post_modified_gmt>2023-10-17 16:04:07</wp:post_modified_gmt>
  <wp:comment_status>closed</wp:comment_status>
  <wp:ping_status>closed</wp:ping_status>
  <wp:post_name>collaboration-magic</wp:post_name>
  <wp:status>publish</wp:status>
  <wp:post_parent>0</wp:post_parent>
  <wp:menu_order>0</wp:menu_order>
  <wp:post_type>post</wp:post_type>
  <wp:post_password/>
  <wp:is_sticky>0</wp:is_sticky>
  <category domain="category" nicename="uncategorized"><![CDATA[Uncategorized]]></category>
  <wp:postmeta>
    <wp:meta_key>_publicize_pending</wp:meta_key>
    <wp:meta_value><![CDATA[1]]></wp:meta_value>
  </wp:postmeta>
  <wp:postmeta>
    <wp:meta_key>_headstart_post</wp:meta_key>
    <wp:meta_value><![CDATA[_hs_extra]]></wp:meta_value>
  </wp:postmeta>
  <wp:postmeta>
    <wp:meta_key>sharing_disabled</wp:meta_key>
    <wp:meta_value><![CDATA[a:1:{i:0;N;}]]></wp:meta_value>
  </wp:postmeta>
  <wp:postmeta>
    <wp:meta_key>switch_like_status</wp:meta_key>
    <wp:meta_value><![CDATA[a:1:{i:0;N;}]]></wp:meta_value>
  </wp:postmeta>
  <wp:postmeta>
    <wp:meta_key>_starter_page_template</wp:meta_key>
    <wp:meta_value><![CDATA[]]></wp:meta_value>
  </wp:postmeta>
  <wp:postmeta>
    <wp:meta_key>_hs_old_id</wp:meta_key>
    <wp:meta_value><![CDATA[]]></wp:meta_value>
  </wp:postmeta>
  <wp:postmeta>
    <wp:meta_key>_wpas_skip_all_services</wp:meta_key>
    <wp:meta_value><![CDATA[1]]></wp:meta_value>
  </wp:postmeta>
  <wp:postmeta>
    <wp:meta_key>_thumbnail_id</wp:meta_key>
    <wp:meta_value><![CDATA[19]]></wp:meta_value>
  </wp:postmeta>
</item>
<item>
  <title><![CDATA[Teamwork Triumphs]]></title>
  <link>https://gutlapalli334.wordpress.com/2023/10/17/teamwork-triumphs/</link>
  <pubDate>Tue, 17 Oct 2023 16:04:06 +0000</pubDate>
  <dc:creator>gutlapalli33</dc:creator>
  <guid isPermaLink="false">https://gutlapalli334.wordpress.com/2023/10/17/teamwork-triumphs/</guid>
  <description/>
  <content:encoded><![CDATA[<!-- wp:paragraph -->
<p>Welcome to WordPress! This is a sample post. Edit or delete it to take the first step in your blogging journey. To add more content here, click the small plus icon at the top left corner. There, you will find an existing selection of WordPress blocks and patterns, something to suit your every need for content creation. And don’t forget to check out the List View: click the icon a few spots to the right of the plus icon and you’ll get a tidy, easy-to-view list of the blocks and patterns in your post.</p>
<!-- /wp:paragraph -->]]></content:encoded>
  <excerpt:encoded><![CDATA[What fosters effective teamwork? It’s not just about grouping individuals together and hoping for the best. It’s about cultivating an environment where trust, open communication, mutual respect, and a shared vision converge.]]></excerpt:encoded>
  <wp:post_id>13</wp:post_id>
  <wp:post_date>2023-10-17 11:04:06</wp:post_date>
  <wp:post_date_gmt>2023-10-17 16:04:06</wp:post_date_gmt>
  <wp:post_modified>2023-10-17 11:04:06</wp:post_modified>
  <wp:post_modified_gmt>2023-10-17 16:04:06</wp:post_modified_gmt>
  <wp:comment_status>closed</wp:comment_status>
  <wp:ping_status>closed</wp:ping_status>
  <wp:post_name>teamwork-triumphs</wp:post_name>
  <wp:status>publish</wp:status>
  <wp:post_parent>0</wp:post_parent>
  <wp:menu_order>0</wp:menu_order>
  <wp:post_type>post</wp:post_type>
  <wp:post_password/>
  <wp:is_sticky>0</wp:is_sticky>
  <category domain="category" nicename="uncategorized"><![CDATA[Uncategorized]]></category>
  <wp:postmeta>
    <wp:meta_key>_wpas_skip_all_services</wp:meta_key>
    <wp:meta_value><![CDATA[1]]></wp:meta_value>
  </wp:postmeta>
  <wp:postmeta>
    <wp:meta_key>_hs_old_id</wp:meta_key>
    <wp:meta_value><![CDATA[]]></wp:meta_value>
  </wp:postmeta>
  <wp:postmeta>
    <wp:meta_key>_starter_page_template</wp:meta_key>
    <wp:meta_value><![CDATA[]]></wp:meta_value>
  </wp:postmeta>
  <wp:postmeta>
    <wp:meta_key>switch_like_status</wp:meta_key>
    <wp:meta_value><![CDATA[a:1:{i:0;N;}]]></wp:meta_value>
  </wp:postmeta>
  <wp:postmeta>
    <wp:meta_key>sharing_disabled</wp:meta_key>
    <wp:meta_value><![CDATA[a:1:{i:0;N;}]]></wp:meta_value>
  </wp:postmeta>
  <wp:postmeta>
    <wp:meta_key>_headstart_post</wp:meta_key>
    <wp:meta_value><![CDATA[_hs_extra]]></wp:meta_value>
  </wp:postmeta>
  <wp:postmeta>
    <wp:meta_key>_publicize_pending</wp:meta_key>
    <wp:meta_value><![CDATA[1]]></wp:meta_value>
  </wp:postmeta>
  <wp:postmeta>
    <wp:meta_key>_thumbnail_id</wp:meta_key>
    <wp:meta_value><![CDATA[20]]></wp:meta_value>
  </wp:postmeta>
</item>
<item>
  <title><![CDATA[Placeholder Image]]></title>
  <link>https://gutlapalli334.wordpress.com/2023/10/17/beyond-the-obstacle/placeholder-image-2/</link>
  <pubDate>Tue, 17 Oct 2023 16:09:12 +0000</pubDate>
  <dc:creator>gutlapalli33</dc:creator>
  <guid isPermaLink="false">http://gutlapalli334.files.wordpress.com/2023/10/c190e-fewer_post_4.png</guid>
  <description/>
  <content:encoded><![CDATA[]]></content:encoded>
  <excerpt:encoded><![CDATA[]]></excerpt:encoded>
  <wp:post_id>17</wp:post_id>
  <wp:post_date>2023-10-17 11:09:12</wp:post_date>
  <wp:post_date_gmt>2023-10-17 16:09:12</wp:post_date_gmt>
  <wp:post_modified>2023-10-17 11:09:12</wp:post_modified>
  <wp:post_modified_gmt>2023-10-17 16:09:12</wp:post_modified_gmt>
  <wp:comment_status>open</wp:comment_status>
  <wp:ping_status>closed</wp:ping_status>
  <wp:post_name>placeholder-image-2</wp:post_name>
  <wp:status>inherit</wp:status>
  <wp:post_parent>10</wp:post_parent>
  <wp:menu_order>0</wp:menu_order>
  <wp:post_type>attachment</wp:post_type>
  <wp:post_password/>
  <wp:is_sticky>0</wp:is_sticky>
  <wp:attachment_url>https://gutlapalli334.files.wordpress.com/2023/10/c190e-fewer_post_4.png</wp:attachment_url>
  <wp:postmeta>
    <wp:meta_key>_wp_attached_file</wp:meta_key>
    <wp:meta_value><![CDATA[/home/wpcom/public_html/wp-content/blogs.dir/a59/224806828/files/2023/10/c190e-fewer_post_4.png]]></wp:meta_value>
  </wp:postmeta>
  <wp:postmeta>
    <wp:meta_key>_wp_attachment_metadata</wp:meta_key>
    <wp:meta_value><![CDATA[a:6:{s:5:"width";i:800;s:6:"height";i:531;s:4:"file";s:95:"/home/wpcom/public_html/wp-content/blogs.dir/a59/224806828/files/2023/10/c190e-fewer_post_4.png";s:8:"filesize";i:263695;s:5:"sizes";a:0:{}s:10:"image_meta";a:12:{s:8:"aperture";s:1:"0";s:6:"credit";s:0:"";s:6:"camera";s:0:"";s:7:"caption";s:0:"";s:17:"created_timestamp";s:1:"0";s:9:"copyright";s:0:"";s:12:"focal_length";s:1:"0";s:3:"iso";s:1:"0";s:13:"shutter_speed";s:1:"0";s:5:"title";s:0:"";s:11:"orientation";s:1:"0";s:8:"keywords";a:0:{}}}]]></wp:meta_value>
  </wp:postmeta>
</item>
<item>
  <title><![CDATA[Placeholder Image]]></title>
  <link>https://gutlapalli334.wordpress.com/2023/10/17/growth-unlocked/placeholder-image-3/</link>
  <pubDate>Tue, 17 Oct 2023 16:09:13 +0000</pubDate>
  <dc:creator>gutlapalli33</dc:creator>
  <guid isPermaLink="false">http://gutlapalli334.files.wordpress.com/2023/10/b32a6-fewer_post_5.png</guid>
  <description/>
  <content:encoded><![CDATA[]]></content:encoded>
  <excerpt:encoded><![CDATA[]]></excerpt:encoded>
  <wp:post_id>18</wp:post_id>
  <wp:post_date>2023-10-17 11:09:13</wp:post_date>
  <wp:post_date_gmt>2023-10-17 16:09:13</wp:post_date_gmt>
  <wp:post_modified>2023-10-17 11:09:13</wp:post_modified>
  <wp:post_modified_gmt>2023-10-17 16:09:13</wp:post_modified_gmt>
  <wp:comment_status>open</wp:comment_status>
  <wp:ping_status>closed</wp:ping_status>
  <wp:post_name>placeholder-image-3</wp:post_name>
  <wp:status>inherit</wp:status>
  <wp:post_parent>11</wp:post_parent>
  <wp:menu_order>0</wp:menu_order>
  <wp:post_type>attachment</wp:post_type>
  <wp:post_password/>
  <wp:is_sticky>0</wp:is_sticky>
  <wp:attachment_url>https://gutlapalli334.files.wordpress.com/2023/10/b32a6-fewer_post_5.png</wp:attachment_url>
  <wp:postmeta>
    <wp:meta_key>_wp_attached_file</wp:meta_key>
    <wp:meta_value><![CDATA[/home/wpcom/public_html/wp-content/blogs.dir/a59/224806828/files/2023/10/b32a6-fewer_post_5.png]]></wp:meta_value>
  </wp:postmeta>
  <wp:postmeta>
    <wp:meta_key>_wp_attachment_metadata</wp:meta_key>
    <wp:meta_value><![CDATA[a:6:{s:5:"width";i:800;s:6:"height";i:532;s:4:"file";s:95:"/home/wpcom/public_html/wp-content/blogs.dir/a59/224806828/files/2023/10/b32a6-fewer_post_5.png";s:8:"filesize";i:165117;s:5:"sizes";a:0:{}s:10:"image_meta";a:12:{s:8:"aperture";s:1:"0";s:6:"credit";s:0:"";s:6:"camera";s:0:"";s:7:"caption";s:0:"";s:17:"created_timestamp";s:1:"0";s:9:"copyright";s:0:"";s:12:"focal_length";s:1:"0";s:3:"iso";s:1:"0";s:13:"shutter_speed";s:1:"0";s:5:"title";s:0:"";s:11:"orientation";s:1:"0";s:8:"keywords";a:0:{}}}]]></wp:meta_value>
  </wp:postmeta>
</item>
<item>
  <title><![CDATA[Placeholder Image]]></title>
  <link>https://gutlapalli334.wordpress.com/2023/10/17/collaboration-magic/placeholder-image-4/</link>
  <pubDate>Tue, 17 Oct 2023 16:09:13 +0000</pubDate>
  <dc:creator>gutlapalli33</dc:creator>
  <guid isPermaLink="false">http://gutlapalli334.files.wordpress.com/2023/10/7a39b-fewer_post_2.png</guid>
  <description/>
  <content:encoded><![CDATA[]]></content:encoded>
  <excerpt:encoded><![CDATA[]]></excerpt:encoded>
  <wp:post_id>19</wp:post_id>
  <wp:post_date>2023-10-17 11:09:13</wp:post_date>
  <wp:post_date_gmt>2023-10-17 16:09:13</wp:post_date_gmt>
  <wp:post_modified>2023-10-17 11:09:13</wp:post_modified>
  <wp:post_modified_gmt>2023-10-17 16:09:13</wp:post_modified_gmt>
  <wp:comment_status>open</wp:comment_status>
  <wp:ping_status>closed</wp:ping_status>
  <wp:post_name>placeholder-image-4</wp:post_name>
  <wp:status>inherit</wp:status>
  <wp:post_parent>12</wp:post_parent>
  <wp:menu_order>0</wp:menu_order>
  <wp:post_type>attachment</wp:post_type>
  <wp:post_password/>
  <wp:is_sticky>0</wp:is_sticky>
  <wp:attachment_url>https://gutlapalli334.files.wordpress.com/2023/10/7a39b-fewer_post_2.png</wp:attachment_url>
  <wp:postmeta>
    <wp:meta_key>_wp_attached_file</wp:meta_key>
    <wp:meta_value><![CDATA[/home/wpcom/public_html/wp-content/blogs.dir/a59/224806828/files/2023/10/7a39b-fewer_post_2.png]]></wp:meta_value>
  </wp:postmeta>
  <wp:postmeta>
    <wp:meta_key>_wp_attachment_metadata</wp:meta_key>
    <wp:meta_value><![CDATA[a:6:{s:5:"width";i:800;s:6:"height";i:530;s:4:"file";s:95:"/home/wpcom/public_html/wp-content/blogs.dir/a59/224806828/files/2023/10/7a39b-fewer_post_2.png";s:8:"filesize";i:275580;s:5:"sizes";a:0:{}s:10:"image_meta";a:12:{s:8:"aperture";s:1:"0";s:6:"credit";s:0:"";s:6:"camera";s:0:"";s:7:"caption";s:0:"";s:17:"created_timestamp";s:1:"0";s:9:"copyright";s:0:"";s:12:"focal_length";s:1:"0";s:3:"iso";s:1:"0";s:13:"shutter_speed";s:1:"0";s:5:"title";s:0:"";s:11:"orientation";s:1:"0";s:8:"keywords";a:0:{}}}]]></wp:meta_value>
  </wp:postmeta>
</item>
<item>
  <title><![CDATA[Placeholder Image]]></title>
  <link>https://gutlapalli334.wordpress.com/2023/10/17/teamwork-triumphs/placeholder-image-5/</link>
  <pubDate>Tue, 17 Oct 2023 16:09:13 +0000</pubDate>
  <dc:creator>gutlapalli33</dc:creator>
  <guid isPermaLink="false">http://gutlapalli334.files.wordpress.com/2023/10/bffa5-fewer_orestad_2.png</guid>
  <description/>
  <content:encoded><![CDATA[]]></content:encoded>
  <excerpt:encoded><![CDATA[]]></excerpt:encoded>
  <wp:post_id>20</wp:post_id>
  <wp:post_date>2023-10-17 11:09:13</wp:post_date>
  <wp:post_date_gmt>2023-10-17 16:09:13</wp:post_date_gmt>
  <wp:post_modified>2023-10-17 11:09:13</wp:post_modified>
  <wp:post_modified_gmt>2023-10-17 16:09:13</wp:post_modified_gmt>
  <wp:comment_status>open</wp:comment_status>
  <wp:ping_status>closed</wp:ping_status>
  <wp:post_name>placeholder-image-5</wp:post_name>
  <wp:status>inherit</wp:status>
  <wp:post_parent>13</wp:post_parent>
  <wp:menu_order>0</wp:menu_order>
  <wp:post_type>attachment</wp:post_type>
  <wp:post_password/>
  <wp:is_sticky>0</wp:is_sticky>
  <wp:attachment_url>https://gutlapalli334.files.wordpress.com/2023/10/bffa5-fewer_orestad_2.png</wp:attachment_url>
  <wp:postmeta>
    <wp:meta_key>_wp_attached_file</wp:meta_key>
    <wp:meta_value><![CDATA[/home/wpcom/public_html/wp-content/blogs.dir/a59/224806828/files/2023/10/bffa5-fewer_orestad_2.png]]></wp:meta_value>
  </wp:postmeta>
  <wp:postmeta>
    <wp:meta_key>_wp_attachment_metadata</wp:meta_key>
    <wp:meta_value><![CDATA[a:6:{s:5:"width";i:799;s:6:"height";i:651;s:4:"file";s:98:"/home/wpcom/public_html/wp-content/blogs.dir/a59/224806828/files/2023/10/bffa5-fewer_orestad_2.png";s:8:"filesize";i:275178;s:5:"sizes";a:0:{}s:10:"image_meta";a:12:{s:8:"aperture";s:1:"0";s:6:"credit";s:0:"";s:6:"camera";s:0:"";s:7:"caption";s:0:"";s:17:"created_timestamp";s:1:"0";s:9:"copyright";s:0:"";s:12:"focal_length";s:1:"0";s:3:"iso";s:1:"0";s:13:"shutter_speed";s:1:"0";s:5:"title";s:0:"";s:11:"orientation";s:1:"0";s:8:"keywords";a:0:{}}}]]></wp:meta_value>
  </wp:postmeta>
</item>
<item>
  <title><![CDATA[Placeholder Image]]></title>
  <link>https://gutlapalli334.wordpress.com/2023/10/17/adaptive-advantage/placeholder-image-6/</link>
  <pubDate>Tue, 17 Oct 2023 16:09:13 +0000</pubDate>
  <dc:creator>gutlapalli33</dc:creator>
  <guid isPermaLink="false">http://gutlapalli334.files.wordpress.com/2023/10/90e3e-fewer_post_1.png</guid>
  <description/>
  <content:encoded><![CDATA[]]></content:encoded>
  <excerpt:encoded><![CDATA[]]></excerpt:encoded>
  <wp:post_id>21</wp:post_id>
  <wp:post_date>2023-10-17 11:09:13</wp:post_date>
  <wp:post_date_gmt>2023-10-17 16:09:13</wp:post_date_gmt>
  <wp:post_modified>2023-10-17 11:09:13</wp:post_modified>
  <wp:post_modified_gmt>2023-10-17 16:09:13</wp:post_modified_gmt>
  <wp:comment_status>open</wp:comment_status>
  <wp:ping_status>closed</wp:ping_status>
  <wp:post_name>placeholder-image-6</wp:post_name>
  <wp:status>inherit</wp:status>
  <wp:post_parent>14</wp:post_parent>
  <wp:menu_order>0</wp:menu_order>
  <wp:post_type>attachment</wp:post_type>
  <wp:post_password/>
  <wp:is_sticky>0</wp:is_sticky>
  <wp:attachment_url>https://gutlapalli334.files.wordpress.com/2023/10/90e3e-fewer_post_1.png</wp:attachment_url>
  <wp:postmeta>
    <wp:meta_key>_wp_attached_file</wp:meta_key>
    <wp:meta_value><![CDATA[/home/wpcom/public_html/wp-content/blogs.dir/a59/224806828/files/2023/10/90e3e-fewer_post_1.png]]></wp:meta_value>
  </wp:postmeta>
  <wp:postmeta>
    <wp:meta_key>_wp_attachment_metadata</wp:meta_key>
    <wp:meta_value><![CDATA[a:6:{s:5:"width";i:800;s:6:"height";i:514;s:4:"file";s:95:"/home/wpcom/public_html/wp-content/blogs.dir/a59/224806828/files/2023/10/90e3e-fewer_post_1.png";s:8:"filesize";i:216169;s:5:"sizes";a:0:{}s:10:"image_meta";a:12:{s:8:"aperture";s:1:"0";s:6:"credit";s:0:"";s:6:"camera";s:0:"";s:7:"caption";s:0:"";s:17:"created_timestamp";s:1:"0";s:9:"copyright";s:0:"";s:12:"focal_length";s:1:"0";s:3:"iso";s:1:"0";s:13:"shutter_speed";s:1:"0";s:5:"title";s:0:"";s:11:"orientation";s:1:"0";s:8:"keywords";a:0:{}}}]]></wp:meta_value>
  </wp:postmeta>
</item>
<item>
  <title><![CDATA[Custom Styles]]></title>
  <link>https://gutlapalli334.wordpress.com/2023/12/04/wp-global-styles-pub%2fpixl/</link>
  <pubDate>Tue, 05 Dec 2023 02:25:33 +0000</pubDate>
  <dc:creator>gutlapalli33</dc:creator>
  <guid isPermaLink="false">https://gutlapalli334.wordpress.com/2023/12/04/wp-global-styles-pub%2fpixl/</guid>
  <description/>
  <content:encoded><![CDATA[{"version":2,"isGlobalStylesUserThemeJSON":true}]]></content:encoded>
  <excerpt:encoded><![CDATA[]]></excerpt:encoded>
  <wp:post_id>24</wp:post_id>
  <wp:post_date>2023-12-04 20:25:33</wp:post_date>
  <wp:post_date_gmt>2023-12-05 02:25:33</wp:post_date_gmt>
  <wp:post_modified>2023-12-04 20:25:33</wp:post_modified>
  <wp:post_modified_gmt>2023-12-05 02:25:33</wp:post_modified_gmt>
  <wp:comment_status>closed</wp:comment_status>
  <wp:ping_status>closed</wp:ping_status>
  <wp:post_name>wp-global-styles-pub%2fpixl</wp:post_name>
  <wp:status>publish</wp:status>
  <wp:post_parent>0</wp:post_parent>
  <wp:menu_order>0</wp:menu_order>
  <wp:post_type>wp_global_styles</wp:post_type>
  <wp:post_password/>
  <wp:is_sticky>0</wp:is_sticky>
  <category domain="wp_theme" nicename="pixl"><![CDATA[pixl]]></category>
  <wp:postmeta>
    <wp:meta_key>_publicize_pending</wp:meta_key>
    <wp:meta_value><![CDATA[1]]></wp:meta_value>
  </wp:postmeta>
</item>
<item>
  <title><![CDATA[Heading and three features (Copy)]]></title>
  <link>https://gutlapalli334.wordpress.com/2023/12/04/heading-and-three-features-copy/</link>
  <pubDate>Tue, 05 Dec 2023 02:30:07 +0000</pubDate>
  <dc:creator>gutlapalli33</dc:creator>
  <guid isPermaLink="false">https://gutlapalli334.wordpress.com/2023/12/04/heading-and-three-features-copy/</guid>
  <description/>
  <content:encoded><![CDATA[<!-- wp:group {"align":"full","style":{"spacing":{"padding":{"top":"var:preset|spacing|80","bottom":"var:preset|spacing|80","left":"var:preset|spacing|50","right":"var:preset|spacing|50"},"margin":{"top":"0px","bottom":"0px"},"blockGap":"var:preset|spacing|60"},"elements":{"link":{"color":{"text":"#0d1f3a"}}}},"layout":{"type":"constrained"}} -->
<div class="wp-block-group alignfull has-link-color" style="margin-top:0px;margin-bottom:0px;padding-top:var(--wp--preset--spacing--80);padding-right:var(--wp--preset--spacing--50);padding-bottom:var(--wp--preset--spacing--80);padding-left:var(--wp--preset--spacing--50)"><!-- wp:heading {"align":"wide","style":{"typography":{"lineHeight":1.2}}} -->
<h2 class="wp-block-heading alignwide" style="line-height:1.2">Technical Skills</h2>
<!-- /wp:heading -->

<!-- wp:columns {"align":"wide"} -->
<div class="wp-block-columns alignwide"><!-- wp:column {"style":{"spacing":{"blockGap":"16px"}}} -->
<div class="wp-block-column"><!-- wp:image {"id":12006,"sizeSlug":"large","linkDestination":"custom"} -->
<figure class="wp-block-image size-large"><img src="https://dotcompatterns.files.wordpress.com/2023/08/pexels-cottonbro-studio-6739695.jpg?w=640" alt="" class="wp-image-12006" /></figure>
<!-- /wp:image -->

<!-- wp:paragraph {"style":{"typography":{"fontSize":"19px","lineHeight":1.7}}} -->
<p style="font-size:19px;line-height:1.7"><strong>Coding Languages</strong></p>
<!-- /wp:paragraph -->

<!-- wp:paragraph {"style":{"typography":{"fontSize":"16px","lineHeight":"1.7"}}} -->
<p style="font-size:16px;line-height:1.7">We create unparalleled experiences that exceed your expectations with a passion for perfection and attention to detail.</p>
<!-- /wp:paragraph --></div>
<!-- /wp:column -->

<!-- wp:column {"style":{"spacing":{"blockGap":"16px"}}} -->
<div class="wp-block-column"><!-- wp:image {"id":12007,"sizeSlug":"large","linkDestination":"custom"} -->
<figure class="wp-block-image size-large"><img src="https://dotcompatterns.files.wordpress.com/2023/08/pexels-cottonbro-studio-6739693.jpg?w=640" alt="" class="wp-image-12007" /></figure>
<!-- /wp:image -->

<!-- wp:paragraph {"style":{"typography":{"fontSize":"19px","lineHeight":"1.7"}}} -->
<p style="font-size:19px;line-height:1.7"><strong>Professional Experience</strong></p>
<!-- /wp:paragraph -->

<!-- wp:paragraph {"style":{"typography":{"fontSize":"16px","lineHeight":"1.7"}}} -->
<p style="font-size:16px;line-height:1.7">We deliver top-notch service, and handle requests with expertise, ensuring your journey is smooth and hassle-free.</p>
<!-- /wp:paragraph --></div>
<!-- /wp:column -->

<!-- wp:column {"style":{"spacing":{"blockGap":"16px"}}} -->
<div class="wp-block-column"><!-- wp:image {"id":12008,"sizeSlug":"large","linkDestination":"custom"} -->
<figure class="wp-block-image size-large"><img src="https://dotcompatterns.files.wordpress.com/2023/08/pexels-cottonbro-studio-6739704.jpg?w=640" alt="" class="wp-image-12008" /></figure>
<!-- /wp:image -->

<!-- wp:paragraph {"style":{"typography":{"fontSize":"19px","lineHeight":"1.7"}}} -->
<p style="font-size:19px;line-height:1.7"><strong>Certifications and Projects</strong></p>
<!-- /wp:paragraph -->

<!-- wp:paragraph {"style":{"typography":{"fontSize":"16px","lineHeight":"1.7"}}} -->
<p style="font-size:16px;line-height:1.7">Our intimate knowledge of the industry allows us to craft a service uniquely tailored to your business needs.</p>
<!-- /wp:paragraph --></div>
<!-- /wp:column --></div>
<!-- /wp:columns --></div>
<!-- /wp:group -->]]></content:encoded>
  <excerpt:encoded><![CDATA[]]></excerpt:encoded>
  <wp:post_id>25</wp:post_id>
  <wp:post_date>2023-12-04 20:30:07</wp:post_date>
  <wp:post_date_gmt>2023-12-05 02:30:07</wp:post_date_gmt>
  <wp:post_modified>2023-12-04 20:31:14</wp:post_modified>
  <wp:post_modified_gmt>2023-12-05 02:31:14</wp:post_modified_gmt>
  <wp:comment_status>closed</wp:comment_status>
  <wp:ping_status>closed</wp:ping_status>
  <wp:post_name>heading-and-three-features-copy</wp:post_name>
  <wp:status>publish</wp:status>
  <wp:post_parent>0</wp:post_parent>
  <wp:menu_order>0</wp:menu_order>
  <wp:post_type>wp_block</wp:post_type>
  <wp:post_password/>
  <wp:is_sticky>0</wp:is_sticky>
  <category domain="wp_pattern_category" nicename="about"><![CDATA[About]]></category>
  <wp:postmeta>
    <wp:meta_key>_publicize_pending</wp:meta_key>
    <wp:meta_value><![CDATA[1]]></wp:meta_value>
  </wp:postmeta>
  <wp:postmeta>
    <wp:meta_key>wp_pattern_sync_status</wp:meta_key>
    <wp:meta_value><![CDATA[unsynced]]></wp:meta_value>
  </wp:postmeta>
</item>
<item>
  <title><![CDATA[Header navigation]]></title>
  <link>https://gutlapalli334.wordpress.com/2023/12/04/header-navigation/</link>
  <pubDate>Tue, 05 Dec 2023 02:55:26 +0000</pubDate>
  <dc:creator>gutlapalli33</dc:creator>
  <guid isPermaLink="false">https://gutlapalli334.wordpress.com/?p=33</guid>
  <description/>
  <content:encoded><![CDATA[<!-- wp:page-list /-->]]></content:encoded>
  <excerpt:encoded><![CDATA[]]></excerpt:encoded>
  <wp:post_id>33</wp:post_id>
  <wp:post_date>2023-12-04 20:55:26</wp:post_date>
  <wp:post_date_gmt>2023-12-05 02:55:26</wp:post_date_gmt>
  <wp:post_modified>2023-12-04 20:55:26</wp:post_modified>
  <wp:post_modified_gmt>2023-12-05 02:55:26</wp:post_modified_gmt>
  <wp:comment_status>closed</wp:comment_status>
  <wp:ping_status>closed</wp:ping_status>
  <wp:post_name>header-navigation</wp:post_name>
  <wp:status>publish</wp:status>
  <wp:post_parent>0</wp:post_parent>
  <wp:menu_order>0</wp:menu_order>
  <wp:post_type>wp_navigation</wp:post_type>
  <wp:post_password/>
  <wp:is_sticky>0</wp:is_sticky>
  <wp:postmeta>
    <wp:meta_key>_publicize_pending</wp:meta_key>
    <wp:meta_value><![CDATA[1]]></wp:meta_value>
  </wp:postmeta>
</item>
<item>
  <title><![CDATA[Custom Styles]]></title>
  <link>https://gutlapalli334.wordpress.com/2023/12/04/wp-global-styles-pub%2flativ/</link>
  <pubDate>Tue, 05 Dec 2023 02:40:06 +0000</pubDate>
  <dc:creator>gutlapalli33</dc:creator>
  <guid isPermaLink="false">https://gutlapalli334.wordpress.com/2023/12/04/wp-global-styles-pub%2flativ/</guid>
  <description/>
  <content:encoded><![CDATA[{"version":2,"isGlobalStylesUserThemeJSON":true}]]></content:encoded>
  <excerpt:encoded><![CDATA[]]></excerpt:encoded>
  <wp:post_id>29</wp:post_id>
  <wp:post_date>2023-12-04 20:40:06</wp:post_date>
  <wp:post_date_gmt>2023-12-05 02:40:06</wp:post_date_gmt>
  <wp:post_modified>2023-12-04 20:57:53</wp:post_modified>
  <wp:post_modified_gmt>2023-12-05 02:57:53</wp:post_modified_gmt>
  <wp:comment_status>closed</wp:comment_status>
  <wp:ping_status>closed</wp:ping_status>
  <wp:post_name>wp-global-styles-pub%2flativ</wp:post_name>
  <wp:status>publish</wp:status>
  <wp:post_parent>0</wp:post_parent>
  <wp:menu_order>0</wp:menu_order>
  <wp:post_type>wp_global_styles</wp:post_type>
  <wp:post_password/>
  <wp:is_sticky>0</wp:is_sticky>
  <category domain="wp_theme" nicename="lativ"><![CDATA[lativ]]></category>
  <wp:postmeta>
    <wp:meta_key>_publicize_pending</wp:meta_key>
    <wp:meta_value><![CDATA[1]]></wp:meta_value>
  </wp:postmeta>
</item>
<item>
  <title><![CDATA[footer]]></title>
  <link>https://gutlapalli334.wordpress.com/2023/12/04/footer/</link>
  <pubDate>Tue, 05 Dec 2023 02:44:44 +0000</pubDate>
  <dc:creator>gutlapalli33</dc:creator>
  <guid isPermaLink="false">https://gutlapalli334.wordpress.com/2023/12/04/footer/</guid>
  <description/>
  <content:encoded><![CDATA[<!-- wp:group {"style":{"spacing":{"padding":{"bottom":"140px","right":"20px","top":"60px","left":"20px"}}},"layout":{"type":"constrained"}} -->
<div class="wp-block-group" style="padding-top:60px;padding-right:20px;padding-bottom:140px;padding-left:20px"><!-- wp:spacer {"height":"var(\u002d\u002dwp\u002d\u002dpreset\u002d\u002dspacing\u002d\u002d80)"} -->
<div style="height:var(--wp--preset--spacing--80)" aria-hidden="true" class="wp-block-spacer"></div>
<!-- /wp:spacer -->

<!-- wp:group {"align":"wide","style":{"spacing":{"blockGap":"30px"}},"layout":{"type":"constrained"}} -->
<div class="wp-block-group alignwide"><!-- wp:group {"align":"wide","style":{"border":{"top":{"style":"none","width":"0px"},"right":{"style":"none","width":"0px"},"bottom":{"style":"none","width":"0px"},"left":{"style":"none","width":"0px"}},"spacing":{"padding":{"top":"20px","right":"0px","left":"0px","bottom":"20px"}}},"layout":{"type":"flex","flexWrap":"nowrap","justifyContent":"space-between","verticalAlignment":"bottom"}} -->
<div class="wp-block-group alignwide" style="border-top-style:none;border-top-width:0px;border-right-style:none;border-right-width:0px;border-bottom-style:none;border-bottom-width:0px;border-left-style:none;border-left-width:0px;padding-top:20px;padding-right:0px;padding-bottom:20px;padding-left:0px"><!-- wp:group {"style":{"spacing":{"blockGap":"20px"}},"layout":{"type":"flex","orientation":"vertical"}} -->
<div class="wp-block-group"><!-- wp:group {"layout":{"type":"flex","flexWrap":"nowrap"}} -->
<div class="wp-block-group"><!-- wp:site-logo {"width":26} /-->

<!-- wp:site-title /--></div>
<!-- /wp:group --></div>
<!-- /wp:group -->

<!-- wp:paragraph {"style":{"typography":{"fontSize":"0.6rem"}}} -->
<p style="font-size:0.6rem">
Lativ Theme · Designed with <a href="https://wordpress.org" rel="nofollow">WordPress</a></p>
<!-- /wp:paragraph --></div>
<!-- /wp:group --></div>
<!-- /wp:group --></div>
<!-- /wp:group -->]]></content:encoded>
  <excerpt:encoded><![CDATA[]]></excerpt:encoded>
  <wp:post_id>30</wp:post_id>
  <wp:post_date>2023-12-04 20:44:44</wp:post_date>
  <wp:post_date_gmt>2023-12-05 02:44:44</wp:post_date_gmt>
  <wp:post_modified>2023-12-04 20:44:44</wp:post_modified>
  <wp:post_modified_gmt>2023-12-05 02:44:44</wp:post_modified_gmt>
  <wp:comment_status>closed</wp:comment_status>
  <wp:ping_status>closed</wp:ping_status>
  <wp:post_name>footer</wp:post_name>
  <wp:status>publish</wp:status>
  <wp:post_parent>0</wp:post_parent>
  <wp:menu_order>0</wp:menu_order>
  <wp:post_type>wp_template_part</wp:post_type>
  <wp:post_password/>
  <wp:is_sticky>0</wp:is_sticky>
  <category domain="wp_template_part_area" nicename="footer"><![CDATA[footer]]></category>
  <category domain="wp_theme" nicename="lativ"><![CDATA[lativ]]></category>
  <wp:postmeta>
    <wp:meta_key>origin</wp:meta_key>
    <wp:meta_value><![CDATA[theme]]></wp:meta_value>
  </wp:postmeta>
  <wp:postmeta>
    <wp:meta_key>_publicize_pending</wp:meta_key>
    <wp:meta_value><![CDATA[1]]></wp:meta_value>
  </wp:postmeta>
</item>
<item>
  <title><![CDATA[header]]></title>
  <link>https://gutlapalli334.wordpress.com/2023/12/04/header/</link>
  <pubDate>Tue, 05 Dec 2023 02:44:44 +0000</pubDate>
  <dc:creator>gutlapalli33</dc:creator>
  <guid isPermaLink="false">https://gutlapalli334.wordpress.com/2023/12/04/header/</guid>
  <description/>
  <content:encoded><![CDATA[<!-- wp:group {"style":{"spacing":{"padding":{"right":"0px","left":"0px","top":"0px","bottom":"0px"}}},"layout":{"type":"constrained"}} -->
<div class="wp-block-group" style="padding-top:0px;padding-right:0px;padding-bottom:0px;padding-left:0px"><!-- wp:group {"align":"wide","style":{"spacing":{"padding":{"bottom":"20px","top":"20px","right":"20px","left":"20px"}},"border":{"radius":"20px","bottom":{"style":"none","width":"0px"}}},"backgroundColor":"background","layout":{"type":"flex","justifyContent":"space-between"}} -->
<div class="wp-block-group alignwide has-background-background-color has-background" style="border-radius:20px;border-bottom-style:none;border-bottom-width:0px;padding-top:20px;padding-right:20px;padding-bottom:20px;padding-left:20px"><!-- wp:group {"layout":{"type":"flex"}} -->
<div class="wp-block-group"><!-- wp:site-logo {"width":26,"shouldSyncIcon":true} /-->

<!-- wp:group {"style":{"spacing":{"blockGap":"0px"}}} -->
<div class="wp-block-group"><!-- wp:site-title /--></div>
<!-- /wp:group --></div>
<!-- /wp:group -->

<!-- wp:columns -->
<div class="wp-block-columns"><!-- wp:column {"width":"100%"} -->
<div class="wp-block-column" style="flex-basis:100%"></div>
<!-- /wp:column --></div>
<!-- /wp:columns -->

<!-- wp:buttons -->
<div class="wp-block-buttons"><!-- wp:button /--></div>
<!-- /wp:buttons --></div>
<!-- /wp:group --></div>
<!-- /wp:group -->]]></content:encoded>
  <excerpt:encoded><![CDATA[]]></excerpt:encoded>
  <wp:post_id>31</wp:post_id>
  <wp:post_date>2023-12-04 20:44:44</wp:post_date>
  <wp:post_date_gmt>2023-12-05 02:44:44</wp:post_date_gmt>
  <wp:post_modified>2023-12-04 23:43:14</wp:post_modified>
  <wp:post_modified_gmt>2023-12-05 05:43:14</wp:post_modified_gmt>
  <wp:comment_status>closed</wp:comment_status>
  <wp:ping_status>closed</wp:ping_status>
  <wp:post_name>header</wp:post_name>
  <wp:status>publish</wp:status>
  <wp:post_parent>0</wp:post_parent>
  <wp:menu_order>0</wp:menu_order>
  <wp:post_type>wp_template_part</wp:post_type>
  <wp:post_password/>
  <wp:is_sticky>0</wp:is_sticky>
  <category domain="wp_template_part_area" nicename="header"><![CDATA[header]]></category>
  <category domain="wp_theme" nicename="lativ"><![CDATA[lativ]]></category>
  <wp:postmeta>
    <wp:meta_key>origin</wp:meta_key>
    <wp:meta_value><![CDATA[theme]]></wp:meta_value>
  </wp:postmeta>
  <wp:postmeta>
    <wp:meta_key>_publicize_pending</wp:meta_key>
    <wp:meta_value><![CDATA[1]]></wp:meta_value>
  </wp:postmeta>
</item>
<item>
  <title><![CDATA[Blog Home]]></title>
  <link>https://gutlapalli334.wordpress.com/2023/12/04/home/</link>
  <pubDate>Tue, 05 Dec 2023 02:44:44 +0000</pubDate>
  <dc:creator>gutlapalli33</dc:creator>
  <guid isPermaLink="false">https://gutlapalli334.wordpress.com/2023/12/04/home/</guid>
  <description/>
  <content:encoded><![CDATA[<!-- wp:group {"style":{"position":{"type":"absolute","top":"0px"},"spacing":{"padding":{"top":"20px","right":"20px","bottom":"20px","left":"20px"}}},"layout":{"type":"default"}} -->
<div class="wp-block-group" style="padding-top:20px;padding-right:20px;padding-bottom:20px;padding-left:20px"><!-- wp:template-part {"slug":"header","theme":"pub/lativ","tagName":"header","lock":{"move":false,"remove":false}} /--></div>
<!-- /wp:group -->

<!-- wp:group {"align":"full","style":{"spacing":{"padding":{"top":"var:preset|spacing|80","bottom":"var:preset|spacing|80","right":"var:preset|spacing|60","left":"var:preset|spacing|60"},"margin":{"top":"0px","bottom":"0px"}}},"layout":{"inherit":true,"type":"constrained"}} -->
<div class="wp-block-group alignfull" style="margin-top:0px;margin-bottom:0px;padding-top:var(--wp--preset--spacing--80);padding-right:var(--wp--preset--spacing--60);padding-bottom:var(--wp--preset--spacing--80);padding-left:var(--wp--preset--spacing--60)"><!-- wp:columns {"align":"wide","style":{"spacing":{"blockGap":{"top":"var:preset|spacing|50","left":"var:preset|spacing|80"}}}} -->
<div class="wp-block-columns alignwide"><!-- wp:column -->
<div class="wp-block-column"><!-- wp:image {"align":"center","id":46,"width":"371px","height":"auto","sizeSlug":"full","linkDestination":"none","className":"is-style-rounded"} -->
<figure class="wp-block-image aligncenter size-full is-resized is-style-rounded"><img src="https://gutlapalli334.files.wordpress.com/2023/12/img_7765_original-1-edited.jpg" alt="" class="wp-image-46" style="width:371px;height:auto" /></figure>
<!-- /wp:image --></div>
<!-- /wp:column -->

<!-- wp:column {"verticalAlignment":"center"} -->
<div class="wp-block-column is-vertically-aligned-center"><!-- wp:heading {"style":{"spacing":{"margin":{"top":"0px"}}}} -->
<h2 class="wp-block-heading" style="margin-top:0px">About Me</h2>
<!-- /wp:heading -->

<!-- wp:paragraph -->
<p>Welcome to my digital portfolio where data meets creativity! My name is Yesh Gutlapalli, and I am currently a senior undergrad student at the University of Texas at Dallas following the computer information technology and systems track, and I will be graduating in spring of 2024. I am particularly interested in the field of data science. Topics like Machine Learning and Artificial intelligence have always excited me. I have experience with data analytics and have analyzed datasets, identified key patterns and trends, and generated actionable insights to address pressing challenges. As I look toward the future, I am very interested in using my creativity, communication, and problem-solving skills in the tech industry.</p>
<!-- /wp:paragraph --></div>
<!-- /wp:column --></div>
<!-- /wp:columns --></div>
<!-- /wp:group -->

<!-- wp:group {"style":{"spacing":{"padding":{"right":"20px","left":"20px","top":"60px","bottom":"60px"}}},"layout":{"type":"constrained"}} -->
<div class="wp-block-group" style="padding-top:60px;padding-right:20px;padding-bottom:60px;padding-left:20px"><!-- wp:heading {"textAlign":"center"} -->
<h2 class="wp-block-heading has-text-align-center">Technical Experience</h2>
<!-- /wp:heading -->

<!-- wp:columns {"align":"wide"} -->
<div class="wp-block-columns alignwide"><!-- wp:column -->
<div class="wp-block-column"><!-- wp:group {"align":"wide","style":{"spacing":{"padding":{"top":"40px","right":"40px","bottom":"40px","left":"40px"},"blockGap":"20px"},"border":{"radius":"20px"}},"backgroundColor":"custom-green","layout":{"type":"default"}} -->
<div class="wp-block-group alignwide has-custom-green-background-color has-background" style="border-radius:20px;padding-top:40px;padding-right:40px;padding-bottom:40px;padding-left:40px"><!-- wp:image {"width":"180px","height":"undefinedpx","sizeSlug":"full","linkDestination":"none"} -->
<figure class="wp-block-image size-full is-resized"><img src="https://s0.wp.com/wp-content/themes/pub/lativ/assets/images/image-1.webp" alt="" style="width:180px;height:undefinedpx" /></figure>
<!-- /wp:image -->

<!-- wp:heading {"textAlign":"left","style":{"typography":{"fontStyle":"normal","fontWeight":"300"}},"fontSize":"large"} -->
<h2 class="wp-block-heading has-text-align-left has-large-font-size" style="font-style:normal;font-weight:300">Coding Languages</h2>
<!-- /wp:heading -->

<!-- wp:list -->
<ul><!-- wp:list-item -->
<li>Python</li>
<!-- /wp:list-item -->

<!-- wp:list-item -->
<li>SQL</li>
<!-- /wp:list-item -->

<!-- wp:list-item -->
<li>HTML</li>
<!-- /wp:list-item -->

<!-- wp:list-item -->
<li>Java</li>
<!-- /wp:list-item -->

<!-- wp:list-item -->
<li>C++</li>
<!-- /wp:list-item --></ul>
<!-- /wp:list --></div>
<!-- /wp:group --></div>
<!-- /wp:column -->

<!-- wp:column -->
<div class="wp-block-column"><!-- wp:group {"align":"wide","style":{"spacing":{"padding":{"top":"40px","right":"40px","bottom":"40px","left":"40px"},"blockGap":"20px"},"border":{"radius":"20px"}},"backgroundColor":"primary","textColor":"background","layout":{"type":"default"}} -->
<div class="wp-block-group alignwide has-background-color has-primary-background-color has-text-color has-background" style="border-radius:20px;padding-top:40px;padding-right:40px;padding-bottom:40px;padding-left:40px"><!-- wp:image {"width":"180px","height":"undefinedpx","sizeSlug":"full","linkDestination":"none"} -->
<figure class="wp-block-image size-full is-resized"><img src="https://s0.wp.com/wp-content/themes/pub/lativ/assets/images/image-2.webp" alt="" style="width:180px;height:undefinedpx" /></figure>
<!-- /wp:image -->

<!-- wp:heading {"textAlign":"left","style":{"typography":{"fontStyle":"normal","fontWeight":"300"}},"fontSize":"large"} -->
<h2 class="wp-block-heading has-text-align-left has-large-font-size" style="font-style:normal;font-weight:300">Analysis Tools</h2>
<!-- /wp:heading -->

<!-- wp:list -->
<ul><!-- wp:list-item -->
<li>Tableau</li>
<!-- /wp:list-item -->

<!-- wp:list-item -->
<li>MySQL</li>
<!-- /wp:list-item -->

<!-- wp:list-item -->
<li>Power BI</li>
<!-- /wp:list-item -->

<!-- wp:list-item -->
<li>Alteryx</li>
<!-- /wp:list-item --></ul>
<!-- /wp:list --></div>
<!-- /wp:group --></div>
<!-- /wp:column -->

<!-- wp:column -->
<div class="wp-block-column"><!-- wp:group {"align":"wide","style":{"spacing":{"padding":{"top":"40px","right":"40px","bottom":"40px","left":"40px"},"blockGap":"20px"},"border":{"radius":"20px"}},"backgroundColor":"custom-purple","textColor":"background","layout":{"type":"default"}} -->
<div class="wp-block-group alignwide has-background-color has-custom-purple-background-color has-text-color has-background" style="border-radius:20px;padding-top:40px;padding-right:40px;padding-bottom:40px;padding-left:40px"><!-- wp:image {"width":"180px","height":"undefinedpx","sizeSlug":"full","linkDestination":"none"} -->
<figure class="wp-block-image size-full is-resized"><img src="https://s0.wp.com/wp-content/themes/pub/lativ/assets/images/image-3.webp" alt="" style="width:180px;height:undefinedpx" /></figure>
<!-- /wp:image -->

<!-- wp:heading {"textAlign":"left","style":{"typography":{"fontStyle":"normal","fontWeight":"300"}},"fontSize":"large"} -->
<h2 class="wp-block-heading has-text-align-left has-large-font-size" style="font-style:normal;font-weight:300">Certifications and links</h2>
<!-- /wp:heading -->

<!-- wp:list -->
<ul><!-- wp:list-item -->
<li><a href="https://verify.openedg.org/">Python Certification Code:</a> LDKz.pE9R.CFa7 </li>
<!-- /wp:list-item -->

<!-- wp:list-item -->
<li><a href="https://github.com/gutlapalliyesh">GitHub: gutlapalliyesh</a></li>
<!-- /wp:list-item --></ul>
<!-- /wp:list --></div>
<!-- /wp:group --></div>
<!-- /wp:column --></div>
<!-- /wp:columns -->

<!-- wp:spacer {"height":"var(\u002d\u002dwp\u002d\u002dpreset\u002d\u002dspacing\u002d\u002d80)"} -->
<div style="height:var(--wp--preset--spacing--80)" aria-hidden="true" class="wp-block-spacer"></div>
<!-- /wp:spacer --></div>
<!-- /wp:group -->

<!-- wp:group {"align":"full","style":{"spacing":{"padding":{"top":"var:preset|spacing|80","bottom":"var:preset|spacing|80","left":"var:preset|spacing|50","right":"var:preset|spacing|50"},"margin":{"top":"0px","bottom":"0px"},"blockGap":"var:preset|spacing|60"},"elements":{"link":{"color":{"text":"#0d1f3a"}}}},"layout":{"type":"constrained"}} -->
<div class="wp-block-group alignfull has-link-color" style="margin-top:0px;margin-bottom:0px;padding-top:var(--wp--preset--spacing--80);padding-right:var(--wp--preset--spacing--50);padding-bottom:var(--wp--preset--spacing--80);padding-left:var(--wp--preset--spacing--50)"><!-- wp:heading {"align":"wide","style":{"typography":{"lineHeight":1.2}}} -->
<h2 class="wp-block-heading alignwide" style="line-height:1.2">Professional Experience</h2>
<!-- /wp:heading -->

<!-- wp:columns {"align":"wide"} -->
<div class="wp-block-columns alignwide"><!-- wp:column {"style":{"spacing":{"blockGap":"16px"}}} -->
<div class="wp-block-column"><!-- wp:image {"id":41,"sizeSlug":"full","linkDestination":"custom","className":"is-style-rounded"} -->
<figure class="wp-block-image size-full is-style-rounded"><img src="https://gutlapalli334.files.wordpress.com/2023/12/codecode.webp" alt="" class="wp-image-41" /></figure>
<!-- /wp:image -->

<!-- wp:paragraph {"style":{"typography":{"fontSize":"19px","lineHeight":1.7}}} -->
<p style="font-size:19px;line-height:1.7"><strong>Nth Tech Inc</strong> Data Analytics Internship</p>
<!-- /wp:paragraph -->

<!-- wp:list -->
<ul><!-- wp:list-item -->
<li>Analyzed diverse datasets, identifying key patterns and trends, and generating actionable insights to address pressing business challenges.&nbsp;</li>
<!-- /wp:list-item -->

<!-- wp:list-item -->
<li>Utilized SQL Server 2019 to proficiently extract, transform, and load data into a robust Data Warehouse, improving data accessibility and usability.&nbsp;</li>
<!-- /wp:list-item -->

<!-- wp:list-item -->
<li>Developed comprehensive data quality checks that enhanced the reliability and accuracy of data pipelines by reducing data discrepancies by 25%.&nbsp;</li>
<!-- /wp:list-item -->

<!-- wp:list-item -->
<li>Produced visually compelling and informative Tableau visualizations for crucial datasets, resulting in a 30% improvement in data-driven decision-making.&nbsp;</li>
<!-- /wp:list-item -->

<!-- wp:list-item -->
<li>Collaborated with product data experts to storyboard findings derived from visualizations, ensuring alignment with business goals and strategies.&nbsp;</li>
<!-- /wp:list-item -->

<!-- wp:list-item -->
<li>These findings were subsequently integrated into decision-making processes, contributing to a 20% increase in operational efficiency.</li>
<!-- /wp:list-item --></ul>
<!-- /wp:list --></div>
<!-- /wp:column -->

<!-- wp:column {"style":{"spacing":{"blockGap":"16px"}}} -->
<div class="wp-block-column"><!-- wp:image {"align":"center","id":42,"sizeSlug":"full","linkDestination":"custom","style":{"color":[]},"className":"is-style-rounded"} -->
<figure class="wp-block-image aligncenter size-full is-style-rounded"><img src="https://gutlapalli334.files.wordpress.com/2023/12/disney-castle-with-copyright-680x453-1.jpg" alt="" class="wp-image-42" /></figure>
<!-- /wp:image -->

<!-- wp:paragraph {"style":{"typography":{"fontSize":"19px","lineHeight":"1.7"}}} -->
<p style="font-size:19px;line-height:1.7"><strong>Walt Disney World Internship</strong> Data Analytics Internship</p>
<!-- /wp:paragraph -->

<!-- wp:list -->
<ul><!-- wp:list-item -->
<li>Mined complex datasets  </li>
<!-- /wp:list-item -->

<!-- wp:list-item -->
<li>Cleaned errant data entry </li>
<!-- /wp:list-item -->

<!-- wp:list-item -->
<li>Extrapolated/forecasted from incomplete or imperfect data  </li>
<!-- /wp:list-item -->

<!-- wp:list-item -->
<li>Provided data-driven recommendations to decision-makers  </li>
<!-- /wp:list-item -->

<!-- wp:list-item -->
<li>Translated technical information for a non-technical audience</li>
<!-- /wp:list-item -->

<!-- wp:list-item -->
<li>Used spreadsheet software (like Microsoft Excel) to analyze, filter, or sort data&nbsp;&nbsp;</li>
<!-- /wp:list-item -->

<!-- wp:list-item -->
<li>Used data visualization software (like Tableau or Microsoft Power BI) to summarize data</li>
<!-- /wp:list-item -->

<!-- wp:list-item -->
<li>Used other commercial software (like SAP) to pull financial transactions</li>
<!-- /wp:list-item -->

<!-- wp:list-item -->
<li>Handled project assignments autonomously to identify, develop, and analyze productivity/process improvement opportunities that increased operational efficiency and reduced fiscal spending within Entertainment. </li>
<!-- /wp:list-item -->

<!-- wp:list-item -->
<li>Conducted data analysis projects from idea to implementation using statistical techniques, conceptual thinking, and Industrial Engineering skills (data collection, process flow analysis, statistical testing, etc.)  </li>
<!-- /wp:list-item -->

<!-- wp:list-item -->
<li>Led projects that require interfacing and building relationships with all levels of Cast and management</li>
<!-- /wp:list-item --></ul>
<!-- /wp:list --></div>
<!-- /wp:column --></div>
<!-- /wp:columns --></div>
<!-- /wp:group -->]]></content:encoded>
  <excerpt:encoded><![CDATA[Displays the latest posts as either the site homepage or as the "Posts page" as defined under reading settings. If it exists, the Front Page template overrides this template when posts are shown on the homepage.]]></excerpt:encoded>
  <wp:post_id>32</wp:post_id>
  <wp:post_date>2023-12-04 20:44:44</wp:post_date>
  <wp:post_date_gmt>2023-12-05 02:44:44</wp:post_date_gmt>
  <wp:post_modified>2023-12-05 01:05:06</wp:post_modified>
  <wp:post_modified_gmt>2023-12-05 07:05:06</wp:post_modified_gmt>
  <wp:comment_status>closed</wp:comment_status>
  <wp:ping_status>closed</wp:ping_status>
  <wp:post_name>home</wp:post_name>
  <wp:status>publish</wp:status>
  <wp:post_parent>0</wp:post_parent>
  <wp:menu_order>0</wp:menu_order>
  <wp:post_type>wp_template</wp:post_type>
  <wp:post_password/>
  <wp:is_sticky>0</wp:is_sticky>
  <category domain="wp_theme" nicename="lativ"><![CDATA[lativ]]></category>
  <wp:postmeta>
    <wp:meta_key>origin</wp:meta_key>
    <wp:meta_value><![CDATA[theme]]></wp:meta_value>
  </wp:postmeta>
  <wp:postmeta>
    <wp:meta_key>_publicize_pending</wp:meta_key>
    <wp:meta_value><![CDATA[1]]></wp:meta_value>
  </wp:postmeta>
</item>
<item>
  <title><![CDATA[Screenshot 2023-12-04 205738]]></title>
  <link>https://gutlapalli334.wordpress.com/screenshot-2023-12-04-205738/</link>
  <pubDate>Tue, 05 Dec 2023 02:58:26 +0000</pubDate>
  <dc:creator>gutlapalli33</dc:creator>
  <guid isPermaLink="false">http://gutlapalli334.files.wordpress.com/2023/12/screenshot-2023-12-04-205738.png</guid>
  <description/>
  <content:encoded><![CDATA[]]></content:encoded>
  <excerpt:encoded><![CDATA[]]></excerpt:encoded>
  <wp:post_id>39</wp:post_id>
  <wp:post_date>2023-12-04 20:58:26</wp:post_date>
  <wp:post_date_gmt>2023-12-05 02:58:26</wp:post_date_gmt>
  <wp:post_modified>2023-12-04 20:58:26</wp:post_modified>
  <wp:post_modified_gmt>2023-12-05 02:58:26</wp:post_modified_gmt>
  <wp:comment_status>open</wp:comment_status>
  <wp:ping_status>closed</wp:ping_status>
  <wp:post_name>screenshot-2023-12-04-205738</wp:post_name>
  <wp:status>inherit</wp:status>
  <wp:post_parent>0</wp:post_parent>
  <wp:menu_order>0</wp:menu_order>
  <wp:post_type>attachment</wp:post_type>
  <wp:post_password/>
  <wp:is_sticky>0</wp:is_sticky>
  <wp:attachment_url>https://gutlapalli334.files.wordpress.com/2023/12/screenshot-2023-12-04-205738.png</wp:attachment_url>
  <wp:postmeta>
    <wp:meta_key>_wp_attached_file</wp:meta_key>
    <wp:meta_value><![CDATA[/home/wpcom/public_html/wp-content/blogs.dir/a59/224806828/files/2023/12/screenshot-2023-12-04-205738.png]]></wp:meta_value>
  </wp:postmeta>
  <wp:postmeta>
    <wp:meta_key>_wp_attachment_metadata</wp:meta_key>
    <wp:meta_value><![CDATA[a:6:{s:5:"width";i:446;s:6:"height";i:441;s:4:"file";s:105:"/home/wpcom/public_html/wp-content/blogs.dir/a59/224806828/files/2023/12/screenshot-2023-12-04-205738.png";s:8:"filesize";i:268606;s:5:"sizes";a:0:{}s:10:"image_meta";a:12:{s:8:"aperture";s:1:"0";s:6:"credit";s:0:"";s:6:"camera";s:0:"";s:7:"caption";s:0:"";s:17:"created_timestamp";s:1:"0";s:9:"copyright";s:0:"";s:12:"focal_length";s:1:"0";s:3:"iso";s:1:"0";s:13:"shutter_speed";s:1:"0";s:5:"title";s:0:"";s:11:"orientation";s:1:"0";s:8:"keywords";a:0:{}}}]]></wp:meta_value>
  </wp:postmeta>
</item>
<item>
  <title><![CDATA[IMG_7765_Original (1)]]></title>
  <link>https://gutlapalli334.wordpress.com/img_7765_original-1/</link>
  <pubDate>Tue, 05 Dec 2023 03:02:01 +0000</pubDate>
  <dc:creator>gutlapalli33</dc:creator>
  <guid isPermaLink="false">http://gutlapalli334.files.wordpress.com/2023/12/img_7765_original-1.jpg</guid>
  <description/>
  <content:encoded><![CDATA[]]></content:encoded>
  <excerpt:encoded><![CDATA[]]></excerpt:encoded>
  <wp:post_id>40</wp:post_id>
  <wp:post_date>2023-12-04 21:02:01</wp:post_date>
  <wp:post_date_gmt>2023-12-05 03:02:01</wp:post_date_gmt>
  <wp:post_modified>2023-12-04 21:02:01</wp:post_modified>
  <wp:post_modified_gmt>2023-12-05 03:02:01</wp:post_modified_gmt>
  <wp:comment_status>open</wp:comment_status>
  <wp:ping_status>closed</wp:ping_status>
  <wp:post_name>img_7765_original-1</wp:post_name>
  <wp:status>inherit</wp:status>
  <wp:post_parent>0</wp:post_parent>
  <wp:menu_order>0</wp:menu_order>
  <wp:post_type>attachment</wp:post_type>
  <wp:post_password/>
  <wp:is_sticky>0</wp:is_sticky>
  <wp:attachment_url>https://gutlapalli334.files.wordpress.com/2023/12/img_7765_original-1.jpg</wp:attachment_url>
  <wp:postmeta>
    <wp:meta_key>_wp_attached_file</wp:meta_key>
    <wp:meta_value><![CDATA[/home/wpcom/public_html/wp-content/blogs.dir/a59/224806828/files/2023/12/img_7765_original-1.jpg]]></wp:meta_value>
  </wp:postmeta>
  <wp:postmeta>
    <wp:meta_key>_wp_attachment_metadata</wp:meta_key>
    <wp:meta_value><![CDATA[a:6:{s:5:"width";i:267;s:6:"height";i:423;s:4:"file";s:96:"/home/wpcom/public_html/wp-content/blogs.dir/a59/224806828/files/2023/12/img_7765_original-1.jpg";s:8:"filesize";i:39013;s:5:"sizes";a:0:{}s:10:"image_meta";a:12:{s:8:"aperture";s:1:"0";s:6:"credit";s:0:"";s:6:"camera";s:0:"";s:7:"caption";s:0:"";s:17:"created_timestamp";s:10:"1578129877";s:9:"copyright";s:0:"";s:12:"focal_length";s:1:"0";s:3:"iso";s:1:"0";s:13:"shutter_speed";s:1:"0";s:5:"title";s:0:"";s:11:"orientation";s:1:"1";s:8:"keywords";a:0:{}}}]]></wp:meta_value>
  </wp:postmeta>
</item>
<item>
  <title><![CDATA[codecode]]></title>
  <link>https://gutlapalli334.wordpress.com/codecode/</link>
  <pubDate>Tue, 05 Dec 2023 03:04:45 +0000</pubDate>
  <dc:creator>gutlapalli33</dc:creator>
  <guid isPermaLink="false">http://gutlapalli334.files.wordpress.com/2023/12/codecode.webp</guid>
  <description/>
  <content:encoded><![CDATA[]]></content:encoded>
  <excerpt:encoded><![CDATA[]]></excerpt:encoded>
  <wp:post_id>41</wp:post_id>
  <wp:post_date>2023-12-04 21:04:45</wp:post_date>
  <wp:post_date_gmt>2023-12-05 03:04:45</wp:post_date_gmt>
  <wp:post_modified>2023-12-04 21:04:45</wp:post_modified>
  <wp:post_modified_gmt>2023-12-05 03:04:45</wp:post_modified_gmt>
  <wp:comment_status>open</wp:comment_status>
  <wp:ping_status>closed</wp:ping_status>
  <wp:post_name>codecode</wp:post_name>
  <wp:status>inherit</wp:status>
  <wp:post_parent>0</wp:post_parent>
  <wp:menu_order>0</wp:menu_order>
  <wp:post_type>attachment</wp:post_type>
  <wp:post_password/>
  <wp:is_sticky>0</wp:is_sticky>
  <wp:attachment_url>https://gutlapalli334.files.wordpress.com/2023/12/codecode.webp</wp:attachment_url>
  <wp:postmeta>
    <wp:meta_key>_wp_attached_file</wp:meta_key>
    <wp:meta_value><![CDATA[/home/wpcom/public_html/wp-content/blogs.dir/a59/224806828/files/2023/12/codecode.webp]]></wp:meta_value>
  </wp:postmeta>
  <wp:postmeta>
    <wp:meta_key>_wp_attachment_metadata</wp:meta_key>
    <wp:meta_value><![CDATA[a:6:{s:5:"width";i:680;s:6:"height";i:453;s:4:"file";s:86:"/home/wpcom/public_html/wp-content/blogs.dir/a59/224806828/files/2023/12/codecode.webp";s:8:"filesize";i:64670;s:5:"sizes";a:0:{}s:10:"image_meta";a:12:{s:8:"aperture";s:1:"0";s:6:"credit";s:0:"";s:6:"camera";s:0:"";s:7:"caption";s:0:"";s:17:"created_timestamp";s:1:"0";s:9:"copyright";s:0:"";s:12:"focal_length";s:1:"0";s:3:"iso";s:1:"0";s:13:"shutter_speed";s:1:"0";s:5:"title";s:0:"";s:11:"orientation";s:1:"0";s:8:"keywords";a:0:{}}}]]></wp:meta_value>
  </wp:postmeta>
</item>
<item>
  <title><![CDATA[Disney-Castle-with-copyright-680x453]]></title>
  <link>https://gutlapalli334.wordpress.com/disney-castle-with-copyright-680x453/</link>
  <pubDate>Tue, 05 Dec 2023 03:06:00 +0000</pubDate>
  <dc:creator>gutlapalli33</dc:creator>
  <guid isPermaLink="false">http://gutlapalli334.files.wordpress.com/2023/12/disney-castle-with-copyright-680x453-1.jpg</guid>
  <description/>
  <content:encoded><![CDATA[]]></content:encoded>
  <excerpt:encoded><![CDATA[]]></excerpt:encoded>
  <wp:post_id>42</wp:post_id>
  <wp:post_date>2023-12-04 21:06:00</wp:post_date>
  <wp:post_date_gmt>2023-12-05 03:06:00</wp:post_date_gmt>
  <wp:post_modified>2023-12-04 21:06:00</wp:post_modified>
  <wp:post_modified_gmt>2023-12-05 03:06:00</wp:post_modified_gmt>
  <wp:comment_status>open</wp:comment_status>
  <wp:ping_status>closed</wp:ping_status>
  <wp:post_name>disney-castle-with-copyright-680x453</wp:post_name>
  <wp:status>inherit</wp:status>
  <wp:post_parent>0</wp:post_parent>
  <wp:menu_order>0</wp:menu_order>
  <wp:post_type>attachment</wp:post_type>
  <wp:post_password/>
  <wp:is_sticky>0</wp:is_sticky>
  <wp:attachment_url>https://gutlapalli334.files.wordpress.com/2023/12/disney-castle-with-copyright-680x453-1.jpg</wp:attachment_url>
  <wp:postmeta>
    <wp:meta_key>_wp_attached_file</wp:meta_key>
    <wp:meta_value><![CDATA[/home/wpcom/public_html/wp-content/blogs.dir/a59/224806828/files/2023/12/disney-castle-with-copyright-680x453-1.jpg]]></wp:meta_value>
  </wp:postmeta>
  <wp:postmeta>
    <wp:meta_key>_wp_attachment_metadata</wp:meta_key>
    <wp:meta_value><![CDATA[a:6:{s:5:"width";i:680;s:6:"height";i:453;s:4:"file";s:115:"/home/wpcom/public_html/wp-content/blogs.dir/a59/224806828/files/2023/12/disney-castle-with-copyright-680x453-1.jpg";s:8:"filesize";i:43576;s:5:"sizes";a:0:{}s:10:"image_meta";a:12:{s:8:"aperture";s:1:"0";s:6:"credit";s:0:"";s:6:"camera";s:0:"";s:7:"caption";s:0:"";s:17:"created_timestamp";s:1:"0";s:9:"copyright";s:0:"";s:12:"focal_length";s:1:"0";s:3:"iso";s:1:"0";s:13:"shutter_speed";s:1:"0";s:5:"title";s:0:"";s:11:"orientation";s:1:"0";s:8:"keywords";a:0:{}}}]]></wp:meta_value>
  </wp:postmeta>
</item>
<item>
  <title><![CDATA[png-transparent-mickey-mouse-logo-the-walt-disney-company-disney-channel-mickey-mouse-food-heroes-hand-thumbnail]]></title>
  <link>https://gutlapalli334.wordpress.com/png-transparent-mickey-mouse-logo-the-walt-disney-company-disney-channel-mickey-mouse-food-heroes-hand-thumbnail/</link>
  <pubDate>Tue, 05 Dec 2023 03:14:18 +0000</pubDate>
  <dc:creator>gutlapalli33</dc:creator>
  <guid isPermaLink="false">http://gutlapalli334.files.wordpress.com/2023/12/png-transparent-mickey-mouse-logo-the-walt-disney-company-disney-channel-mickey-mouse-food-heroes-hand-thumbnail.png</guid>
  <description/>
  <content:encoded><![CDATA[]]></content:encoded>
  <excerpt:encoded><![CDATA[]]></excerpt:encoded>
  <wp:post_id>43</wp:post_id>
  <wp:post_date>2023-12-04 21:14:18</wp:post_date>
  <wp:post_date_gmt>2023-12-05 03:14:18</wp:post_date_gmt>
  <wp:post_modified>2023-12-04 21:14:18</wp:post_modified>
  <wp:post_modified_gmt>2023-12-05 03:14:18</wp:post_modified_gmt>
  <wp:comment_status>open</wp:comment_status>
  <wp:ping_status>closed</wp:ping_status>
  <wp:post_name>png-transparent-mickey-mouse-logo-the-walt-disney-company-disney-channel-mickey-mouse-food-heroes-hand-thumbnail</wp:post_name>
  <wp:status>inherit</wp:status>
  <wp:post_parent>0</wp:post_parent>
  <wp:menu_order>0</wp:menu_order>
  <wp:post_type>attachment</wp:post_type>
  <wp:post_password/>
  <wp:is_sticky>0</wp:is_sticky>
  <wp:attachment_url>https://gutlapalli334.files.wordpress.com/2023/12/png-transparent-mickey-mouse-logo-the-walt-disney-company-disney-channel-mickey-mouse-food-heroes-hand-thumbnail.png</wp:attachment_url>
  <wp:postmeta>
    <wp:meta_key>_wp_attached_file</wp:meta_key>
    <wp:meta_value><![CDATA[/home/wpcom/public_html/wp-content/blogs.dir/a59/224806828/files/2023/12/png-transparent-mickey-mouse-logo-the-walt-disney-company-disney-channel-mickey-mouse-food-heroes-hand-thumbnail.png]]></wp:meta_value>
  </wp:postmeta>
  <wp:postmeta>
    <wp:meta_key>_wp_attachment_metadata</wp:meta_key>
    <wp:meta_value><![CDATA[a:6:{s:5:"width";i:360;s:6:"height";i:466;s:4:"file";s:189:"/home/wpcom/public_html/wp-content/blogs.dir/a59/224806828/files/2023/12/png-transparent-mickey-mouse-logo-the-walt-disney-company-disney-channel-mickey-mouse-food-heroes-hand-thumbnail.png";s:8:"filesize";i:13578;s:5:"sizes";a:0:{}s:10:"image_meta";a:12:{s:8:"aperture";s:1:"0";s:6:"credit";s:0:"";s:6:"camera";s:0:"";s:7:"caption";s:0:"";s:17:"created_timestamp";s:1:"0";s:9:"copyright";s:0:"";s:12:"focal_length";s:1:"0";s:3:"iso";s:1:"0";s:13:"shutter_speed";s:1:"0";s:5:"title";s:0:"";s:11:"orientation";s:1:"0";s:8:"keywords";a:0:{}}}]]></wp:meta_value>
  </wp:postmeta>
</item>
<item>
  <title><![CDATA[IMG_7765_Original (1)]]></title>
  <link>https://gutlapalli334.wordpress.com/img_7765_original-1-2/</link>
  <pubDate>Tue, 05 Dec 2023 05:36:54 +0000</pubDate>
  <dc:creator>gutlapalli33</dc:creator>
  <guid isPermaLink="false">http://gutlapalli334.files.wordpress.com/2023/12/img_7765_original-1-edited.jpg</guid>
  <description/>
  <content:encoded><![CDATA[]]></content:encoded>
  <excerpt:encoded><![CDATA[]]></excerpt:encoded>
  <wp:post_id>46</wp:post_id>
  <wp:post_date>2023-12-04 23:36:54</wp:post_date>
  <wp:post_date_gmt>2023-12-05 05:36:54</wp:post_date_gmt>
  <wp:post_modified>2023-12-04 23:36:54</wp:post_modified>
  <wp:post_modified_gmt>2023-12-05 05:36:54</wp:post_modified_gmt>
  <wp:comment_status>open</wp:comment_status>
  <wp:ping_status>closed</wp:ping_status>
  <wp:post_name>img_7765_original-1-2</wp:post_name>
  <wp:status>inherit</wp:status>
  <wp:post_parent>0</wp:post_parent>
  <wp:menu_order>0</wp:menu_order>
  <wp:post_type>attachment</wp:post_type>
  <wp:post_password/>
  <wp:is_sticky>0</wp:is_sticky>
  <wp:attachment_url>https://gutlapalli334.files.wordpress.com/2023/12/img_7765_original-1-edited.jpg</wp:attachment_url>
  <wp:postmeta>
    <wp:meta_key>_wp_attached_file</wp:meta_key>
    <wp:meta_value><![CDATA[/home/wpcom/public_html/wp-content/blogs.dir/a59/224806828/files/2023/12/img_7765_original-1-edited.jpg]]></wp:meta_value>
  </wp:postmeta>
  <wp:postmeta>
    <wp:meta_key>_wp_attachment_metadata</wp:meta_key>
    <wp:meta_value><![CDATA[a:7:{s:5:"width";i:267;s:6:"height";i:267;s:4:"file";s:103:"/home/wpcom/public_html/wp-content/blogs.dir/a59/224806828/files/2023/12/img_7765_original-1-edited.jpg";s:8:"filesize";i:14311;s:5:"sizes";a:0:{}s:10:"image_meta";a:12:{s:8:"aperture";s:1:"0";s:6:"credit";s:0:"";s:6:"camera";s:0:"";s:7:"caption";s:0:"";s:17:"created_timestamp";s:10:"1578129877";s:9:"copyright";s:0:"";s:12:"focal_length";s:1:"0";s:3:"iso";s:1:"0";s:13:"shutter_speed";s:1:"0";s:5:"title";s:0:"";s:11:"orientation";i:1;s:8:"keywords";a:0:{}}s:12:"parent_image";a:2:{s:13:"attachment_id";s:2:"40";s:4:"file";s:96:"/home/wpcom/public_html/wp-content/blogs.dir/a59/224806828/files/2023/12/img_7765_original-1.jpg";}}]]></wp:meta_value>
  </wp:postmeta>
</item>
  </channel>
</rss>
